goal_id,x,y,yaw,success,status,time_s,path_length_m,final_error_m,amcl_error_m,recoveries
g01_east_doorway,2.3,-0.3,0.0,True,succeeded,9.30,2.157,0.173,0.053,0
g02_se_room,3.0,-4.0,-1.57,True,succeeded,18.00,3.891,0.033,0.356,0
g03_east_area,4.2,2.3,1.57,True,succeeded,31.90,7.379,0.088,0.150,0
g04_ne_corridor,2.5,4.2,3.14,True,succeeded,12.90,2.994,0.185,0.158,0
g05_north_centre,0.8,2.0,-1.57,True,succeeded,13.80,3.335,0.210,0.114,0
g06_nw_room,-2.6,4.3,3.14,True,succeeded,25.20,5.153,0.063,0.157,0
g07_nw_room_south,-4.2,1.8,-1.57,True,succeeded,17.20,3.291,0.084,0.082,0
g08_west,-3.0,-0.5,-1.57,False,aborted,171.50,3.668,2.792,0.058,15
g09_sw_alcove,-3.8,-3.8,3.14,True,succeeded,39.80,6.648,0.094,0.083,1
g10_south_centre,0.5,-4.2,0.0,True,succeeded,33.30,7.012,0.049,0.109,0
g11_home,0.0,0.0,0.0,True,succeeded,24.80,4.247,0.121,0.035,0
