t_s,truth_x,truth_y,truth_yaw,odom_x,odom_y,odom_yaw,ekf_x,ekf_y,ekf_yaw,odom_err_m,ekf_err_m
0.00,0.0000,0.0000,0.0000,0.0000,0.0000,0.0000,0.0000,0.0000,0.0000,0.0000,0.0000
0.10,0.0250,0.0000,0.0001,0.0250,0.0000,0.0001,0.0250,0.0000,0.0001,0.0000,0.0000
0.20,0.0500,0.0000,0.0002,0.0500,0.0000,0.0002,0.0500,0.0000,0.0002,0.0000,0.0000
0.30,0.0750,0.0000,0.0002,0.0750,0.0000,0.0002,0.1000,0.0000,0.0003,0.0000,0.0250
0.40,0.1000,0.0000,0.0003,0.1000,0.0000,0.0003,0.1000,0.0000,0.0003,0.0000,0.0000
0.50,0.1250,0.0000,0.0003,0.1250,0.0000,0.0003,0.1501,0.0000,0.0004,0.0000,0.0251
0.60,0.1500,0.0000,0.0003,0.1500,0.0000,0.0003,0.1751,0.0000,0.0004,0.0000,0.0251
0.70,0.1750,0.0000,0.0004,0.1750,0.0000,0.0003,0.1751,0.0000,0.0004,0.0000,0.0001
0.80,0.2000,0.0000,0.0004,0.2000,0.0000,0.0004,0.2001,0.0001,0.0005,0.0000,0.0001
0.90,0.2250,0.0001,0.0004,0.2250,0.0001,0.0004,0.2501,0.0001,0.0005,0.0000,0.0251
1.00,0.2500,0.0001,0.0004,0.2500,0.0001,0.0004,0.2751,0.0001,0.0004,0.0000,0.0251
1.10,0.2750,0.0001,0.0004,0.2750,0.0001,0.0004,0.3001,0.0001,0.0004,0.0000,0.0251
1.20,0.3000,0.0001,0.0004,0.3000,0.0001,0.0004,0.3251,0.0001,0.0005,0.0000,0.0251
1.30,0.3250,0.0001,0.0004,0.3250,0.0001,0.0004,0.3251,0.0001,0.0005,0.0000,0.0001
1.40,0.3500,0.0001,0.0004,0.3500,0.0001,0.0005,0.3501,0.0001,0.0005,0.0000,0.0001
1.50,0.3750,0.0001,0.0004,0.3750,0.0001,0.0005,0.3751,0.0001,0.0005,0.0000,0.0001
1.60,0.4000,0.0001,0.0004,0.4000,0.0001,0.0005,0.4003,0.0002,0.0005,0.0000,0.0004
1.70,0.4250,0.0001,0.0004,0.4250,0.0001,0.0005,0.4258,0.0002,0.0005,0.0000,0.0008
1.80,0.4500,0.0001,0.0005,0.4500,0.0002,0.0005,0.4508,0.0002,0.0005,0.0000,0.0009
1.90,0.4750,0.0002,0.0005,0.4750,0.0002,0.0005,0.5008,0.0002,0.0005,0.0000,0.0259
2.00,0.5000,0.0002,0.0005,0.5000,0.0002,0.0005,0.5008,0.0002,0.0005,0.0000,0.0008
2.10,0.5250,0.0002,0.0005,0.5250,0.0002,0.0005,0.5476,0.0002,0.0005,0.0001,0.0226
2.20,0.5500,0.0002,0.0005,0.5500,0.0002,0.0005,0.5476,0.0002,0.0005,0.0001,0.0024
2.30,0.5750,0.0002,0.0005,0.5750,0.0002,0.0005,0.5751,0.0002,0.0005,0.0001,0.0001
2.40,0.6000,0.0002,0.0005,0.6000,0.0002,0.0005,0.6001,0.0003,0.0005,0.0001,0.0001
2.50,0.6250,0.0002,0.0005,0.6250,0.0002,0.0005,0.6251,0.0003,0.0005,0.0001,0.0001
2.60,0.6500,0.0002,0.0005,0.6500,0.0003,0.0005,0.6501,0.0003,0.0006,0.0001,0.0001
2.70,0.6750,0.0003,0.0005,0.6750,0.0003,0.0005,0.7001,0.0003,0.0006,0.0001,0.0251
2.80,0.6984,0.0003,0.0005,0.6983,0.0003,0.0005,0.7001,0.0003,0.0006,0.0001,0.0017
2.90,0.7199,0.0003,0.0006,0.7196,0.0003,0.0006,0.7453,0.0003,0.0005,0.0002,0.0254
3.00,0.7396,0.0003,0.0006,0.7393,0.0003,0.0005,0.7646,0.0003,0.0005,0.0004,0.0249
3.10,0.7578,0.0003,0.0006,0.7573,0.0003,0.0005,0.7827,0.0004,0.0005,0.0005,0.0249
3.20,0.7744,0.0003,0.0006,0.7738,0.0003,0.0005,0.7827,0.0004,0.0005,0.0006,0.0083
3.30,0.7898,0.0003,0.0005,0.7891,0.0003,0.0005,0.7993,0.0004,0.0005,0.0007,0.0095
3.40,0.8039,0.0003,0.0005,0.8031,0.0003,0.0005,0.8146,0.0004,0.0005,0.0008,0.0107
3.50,0.8168,0.0003,0.0005,0.8160,0.0003,0.0005,0.8287,0.0004,0.0005,0.0009,0.0119
3.60,0.8287,0.0003,0.0005,0.8278,0.0004,0.0005,0.8416,0.0004,0.0005,0.0009,0.0129
3.70,0.8396,0.0003,0.0005,0.8386,0.0004,0.0005,0.8535,0.0004,0.0004,0.0010,0.0138
3.80,0.8496,0.0003,0.0005,0.8486,0.0004,0.0005,0.8644,0.0004,0.0004,0.0011,0.0147
3.90,0.8534,0.0005,-0.0685,0.8496,0.0004,-0.0895,0.8744,0.0004,0.0004,0.0039,0.0209
4.00,0.8526,0.0006,-0.1685,0.8496,0.0004,-0.1895,0.8758,0.0004,-0.0675,0.0030,0.0233
4.10,0.8515,0.0008,-0.2818,0.8496,0.0004,-0.2895,0.8758,0.0004,-0.1675,0.0020,0.0243
4.20,0.8497,0.0015,-0.3975,0.8496,0.0004,-0.3894,0.8758,0.0004,-0.2823,0.0011,0.0261
4.30,0.8484,0.0021,-0.5132,0.8496,0.0004,-0.4894,0.8758,0.0004,-0.3972,0.0021,0.0275
4.40,0.8473,0.0027,-0.6261,0.8496,0.0004,-0.5893,0.8758,0.0004,-0.5131,0.0032,0.0286
4.50,0.8465,0.0033,-0.7365,0.8496,0.0004,-0.6893,0.8759,0.0005,-0.7328,0.0043,0.0295
4.60,0.8465,0.0033,-0.8365,0.8496,0.0004,-0.7893,0.8759,0.0005,-0.7328,0.0043,0.0295
4.70,0.8465,0.0033,-0.9365,0.8496,0.0003,-0.8893,0.8759,0.0005,-0.8128,0.0043,0.0295
4.80,0.8465,0.0033,-1.0365,0.8496,0.0003,-0.9993,0.8759,0.0005,-1.0328,0.0043,0.0295
4.90,0.8465,0.0033,-1.1325,0.8496,0.0003,-1.0846,0.8759,0.0005,-1.0328,0.0043,0.0295
5.00,0.8520,-0.0089,-1.2212,0.8585,-0.0185,-1.1631,0.8759,0.0005,-1.1301,0.0116,0.0257
5.10,0.8590,-0.0307,-1.2938,0.8672,-0.0407,-1.2246,0.8839,-0.0171,-1.2191,0.0129,0.0284
5.20,0.8648,-0.0537,-1.3480,0.8749,-0.0637,-1.2717,0.8914,-0.0397,-1.2907,0.0142,0.0300
5.30,0.8698,-0.0777,-1.3863,0.8817,-0.0873,-1.3092,0.8975,-0.0635,-1.3445,0.0153,0.0312
5.40,0.8739,-0.1021,-1.4158,0.8878,-0.1113,-1.3379,0.9069,-0.1121,-1.4109,0.0166,0.0345
5.50,0.8775,-0.1266,-1.4398,0.8932,-0.1355,-1.3615,0.9069,-0.1121,-1.4109,0.0181,0.0328
5.60,0.8805,-0.1513,-1.4600,0.8981,-0.1599,-1.3803,0.9105,-0.1360,-1.4334,0.0197,0.0337
5.70,0.8830,-0.1760,-1.4753,0.9027,-0.1844,-1.3951,0.9164,-0.1854,-1.4679,0.0214,0.0347
5.80,0.8852,-0.2009,-1.4874,0.9069,-0.2090,-1.4068,0.9164,-0.1854,-1.4679,0.0231,0.0348
5.90,0.8872,-0.2258,-1.4969,0.9108,-0.2337,-1.4161,0.9188,-0.2103,-1.4798,0.0249,0.0352
6.00,0.8893,-0.2556,-1.5061,0.9150,-0.2609,-1.4240,0.9229,-0.2601,-1.4970,0.0262,0.0339
6.10,0.8905,-0.2756,-1.5104,0.9182,-0.2831,-1.4289,0.9247,-0.2853,-1.5031,0.0287,0.0355
6.20,0.8920,-0.3005,-1.5152,0.9217,-0.3079,-1.4335,0.9247,-0.2853,-1.5031,0.0306,0.0361
6.30,0.8933,-0.3255,-1.5189,0.9250,-0.3326,-1.4371,0.9278,-0.3349,-1.5116,0.0325,0.0358
6.40,0.8946,-0.3505,-1.5220,0.9283,-0.3574,-1.4401,0.9278,-0.3349,-1.5116,0.0345,0.0367
6.50,0.8957,-0.3754,-1.5245,0.9316,-0.3822,-1.4424,0.9292,-0.3599,-1.5146,0.0365,0.0369
6.60,0.8969,-0.4004,-1.5264,0.9347,-0.4070,-1.4444,0.9306,-0.3849,-1.5171,0.0384,0.0371
6.70,0.8980,-0.4254,-1.5280,0.9379,-0.4318,-1.4459,0.9319,-0.4098,-1.5191,0.0404,0.0373
6.80,0.8990,-0.4503,-1.5293,0.9410,-0.4566,-1.4471,0.9332,-0.4348,-1.5206,0.0424,0.0375
6.90,0.9000,-0.4753,-1.5302,0.9440,-0.4814,-1.4480,0.9344,-0.4598,-1.5219,0.0444,0.0377
7.00,0.9010,-0.5003,-1.5310,0.9471,-0.5062,-1.4488,0.9356,-0.4847,-1.5228,0.0464,0.0379
7.10,0.9020,-0.5253,-1.5317,0.9501,-0.5311,-1.4493,0.9380,-0.5347,-1.5242,0.0485,0.0372
7.20,0.9030,-0.5502,-1.5322,0.9532,-0.5559,-1.4498,0.9390,-0.5572,-1.5247,0.0505,0.0367
7.30,0.9040,-0.5752,-1.5326,0.9562,-0.5807,-1.4502,0.9390,-0.5572,-1.5247,0.0525,0.0394
7.40,0.9049,-0.6002,-1.5329,0.9592,-0.6055,-1.4505,0.9403,-0.5846,-1.5251,0.0545,0.0386
7.50,0.9059,-0.6252,-1.5331,0.9622,-0.6303,-1.4507,0.9414,-0.6096,-1.5254,0.0566,0.0388
7.60,0.9068,-0.6502,-1.5333,0.9652,-0.6552,-1.4509,0.9425,-0.6346,-1.5256,0.0586,0.0390
7.70,0.9077,-0.6752,-1.5335,0.9682,-0.6800,-1.4511,0.9448,-0.6846,-1.5260,0.0606,0.0382
7.80,0.9087,-0.7001,-1.5336,0.9711,-0.7048,-1.4512,0.9459,-0.7095,-1.5261,0.0627,0.0384
7.90,0.9096,-0.7251,-1.5337,0.9741,-0.7296,-1.4513,0.9459,-0.7095,-1.5261,0.0647,0.0395
8.00,0.9105,-0.7501,-1.5338,0.9771,-0.7545,-1.4514,0.9470,-0.7345,-1.5262,0.0667,0.0397
8.10,0.9114,-0.7751,-1.5339,0.9801,-0.7793,-1.4514,0.9481,-0.7595,-1.5263,0.0688,0.0399
8.20,0.9124,-0.8001,-1.5339,0.9831,-0.8041,-1.4515,0.9492,-0.7845,-1.5263,0.0708,0.0400
8.30,0.9133,-0.8251,-1.5340,0.9860,-0.8289,-1.4515,0.9504,-0.8095,-1.5264,0.0728,0.0402
8.40,0.9142,-0.8500,-1.5340,0.9890,-0.8537,-1.4515,0.9515,-0.8344,-1.5265,0.0749,0.0404
8.50,0.9151,-0.8750,-1.5340,0.9920,-0.8786,-1.4516,0.9537,-0.8849,-1.5266,0.0769,0.0398
8.60,0.9160,-0.9000,-1.5341,0.9949,-0.9034,-1.4516,0.9548,-0.9099,-1.5266,0.0790,0.0400
8.70,0.9170,-0.9250,-1.5341,0.9979,-0.9282,-1.4516,0.9548,-0.9099,-1.5266,0.0810,0.0408
8.80,0.9179,-0.9500,-1.5341,1.0009,-0.9530,-1.4516,0.9570,-0.9601,-1.5266,0.0831,0.0404
8.90,0.9188,-0.9749,-1.5341,1.0039,-0.9779,-1.4516,0.9570,-0.9601,-1.5266,0.0851,0.0410
9.00,0.9197,-0.9999,-1.5341,1.0068,-1.0027,-1.4516,0.9581,-0.9843,-1.5266,0.0872,0.0414
9.10,0.9206,-1.0249,-1.5341,1.0098,-1.0275,-1.4516,0.9592,-1.0093,-1.5266,0.0892,0.0416
9.20,0.9215,-1.0499,-1.5341,1.0128,-1.0523,-1.4516,0.9603,-1.0342,-1.5266,0.0913,0.0418
9.30,0.9225,-1.0749,-1.5341,1.0158,-1.0772,-1.4516,0.9614,-1.0600,-1.5266,0.0933,0.0417
9.40,0.9234,-1.0998,-1.5341,1.0187,-1.1020,-1.4516,0.9625,-1.0842,-1.5266,0.0954,0.0421
9.50,0.9243,-1.1248,-1.5341,1.0217,-1.1268,-1.4516,0.9636,-1.1092,-1.5266,0.0974,0.0423
9.60,0.9252,-1.1498,-1.5341,1.0247,-1.1516,-1.4516,0.9647,-1.1341,-1.5266,0.0995,0.0425
9.70,0.9261,-1.1748,-1.5341,1.0277,-1.1765,-1.4516,0.9658,-1.1591,-1.5265,0.1015,0.0427
9.80,0.9270,-1.1998,-1.5341,1.0306,-1.2013,-1.4516,0.9669,-1.1841,-1.5266,0.1036,0.0429
9.90,0.9280,-1.2248,-1.5341,1.0336,-1.2261,-1.4516,0.9680,-1.2091,-1.5266,0.1056,0.0430
10.00,0.9289,-1.2497,-1.5341,1.0366,-1.2509,-1.4516,0.9691,-1.2341,-1.5266,0.1077,0.0432
10.10,0.9298,-1.2747,-1.5341,1.0395,-1.2757,-1.4516,0.9702,-1.2590,-1.5266,0.1098,0.0434
10.20,0.9307,-1.2997,-1.5341,1.0425,-1.3006,-1.4516,0.9713,-1.2835,-1.5266,0.1118,0.0437
10.30,0.9316,-1.3247,-1.5341,1.0455,-1.3254,-1.4516,0.9725,-1.3090,-1.5266,0.1139,0.0437
10.40,0.9325,-1.3497,-1.5341,1.0485,-1.3502,-1.4516,0.9736,-1.3342,-1.5266,0.1159,0.0438
10.50,0.9335,-1.3746,-1.5341,1.0514,-1.3750,-1.4516,0.9747,-1.3592,-1.5266,0.1180,0.0440
10.60,0.9344,-1.3996,-1.5341,1.0544,-1.3999,-1.4516,0.9758,-1.3842,-1.5266,0.1200,0.0442
10.70,0.9353,-1.4246,-1.5341,1.0574,-1.4247,-1.4516,0.9780,-1.4339,-1.5267,0.1221,0.0437
10.80,0.9362,-1.4496,-1.5341,1.0604,-1.4495,-1.4516,0.9780,-1.4339,-1.5267,0.1241,0.0446
10.90,0.9371,-1.4746,-1.5341,1.0633,-1.4743,-1.4516,0.9802,-1.4838,-1.5267,0.1262,0.0440
11.00,0.9380,-1.4996,-1.5341,1.0663,-1.4992,-1.4516,0.9802,-1.4838,-1.5267,0.1283,0.0450
11.10,0.9390,-1.5246,-1.5341,1.0693,-1.5240,-1.4516,0.9813,-1.5088,-1.5268,0.1303,0.0452
11.20,0.9399,-1.5495,-1.5341,1.0722,-1.5488,-1.4516,0.9824,-1.5338,-1.5268,0.1324,0.0453
11.30,0.9410,-1.5795,-1.5341,1.0755,-1.5761,-1.4516,0.9846,-1.5837,-1.5268,0.1346,0.0438
11.40,0.9417,-1.5995,-1.5341,1.0782,-1.5985,-1.4516,0.9857,-1.6087,-1.5268,0.1365,0.0449
11.50,0.9426,-1.6245,-1.5341,1.0812,-1.6233,-1.4516,0.9857,-1.6087,-1.5268,0.1385,0.0459
11.60,0.9435,-1.6495,-1.5341,1.0841,-1.6481,-1.4516,0.9868,-1.6337,-1.5268,0.1406,0.0460
11.70,0.9445,-1.6744,-1.5341,1.0871,-1.6729,-1.4516,0.9879,-1.6587,-1.5268,0.1427,0.0462
11.80,0.9454,-1.6994,-1.5341,1.0901,-1.6978,-1.4516,0.9890,-1.6836,-1.5268,0.1447,0.0464
11.90,0.9463,-1.7244,-1.5341,1.0931,-1.7226,-1.4516,0.9901,-1.7086,-1.5268,0.1468,0.0465
12.00,0.9472,-1.7494,-1.5341,1.0960,-1.7474,-1.4515,0.9912,-1.7336,-1.5268,0.1488,0.0467
12.10,0.9481,-1.7744,-1.5341,1.0990,-1.7722,-1.4515,0.9923,-1.7586,-1.5265,0.1509,0.0469
12.20,0.9490,-1.7993,-1.5341,1.1020,-1.7970,-1.4515,0.9934,-1.7835,-1.5265,0.1530,0.0471
12.30,0.9500,-1.8243,-1.5341,1.1050,-1.8219,-1.4515,0.9956,-1.8335,-1.5265,0.1550,0.0466
12.40,0.9509,-1.8493,-1.5341,1.1079,-1.8467,-1.4515,0.9967,-1.8585,-1.5265,0.1571,0.0467
12.50,0.9518,-1.8743,-1.5341,1.1109,-1.8715,-1.4515,0.9978,-1.8834,-1.5265,0.1591,0.0469
12.60,0.9527,-1.8993,-1.5341,1.1139,-1.8963,-1.4515,0.9989,-1.9084,-1.5265,0.1612,0.0471
12.70,0.9536,-1.9236,-1.5340,1.1168,-1.9204,-1.4515,0.9989,-1.9084,-1.5265,0.1632,0.0478
12.80,0.9544,-1.9462,-1.5340,1.1194,-1.9427,-1.4515,1.0000,-1.9327,-1.5265,0.1650,0.0475
12.90,0.9552,-1.9668,-1.5340,1.1219,-1.9630,-1.4515,1.0019,-1.9758,-1.5265,0.1667,0.0476
13.00,0.9559,-1.9859,-1.5340,1.1241,-1.9819,-1.4516,1.0028,-1.9948,-1.5265,0.1683,0.0477
13.10,0.9565,-2.0032,-1.5340,1.1262,-1.9990,-1.4516,1.0028,-1.9948,-1.5265,0.1697,0.0470
13.20,0.9571,-2.0192,-1.5340,1.1281,-2.0148,-1.4516,1.0042,-2.0281,-1.5262,0.1710,0.0479
13.30,0.9577,-2.0340,-1.5340,1.1298,-2.0294,-1.4516,1.0042,-2.0281,-1.5262,0.1722,0.0469
13.40,0.9582,-2.0474,-1.5340,1.1314,-2.0426,-1.4516,1.0049,-2.0428,-1.5262,0.1733,0.0470
13.50,0.9586,-2.0599,-1.5340,1.1329,-2.0550,-1.4516,1.0061,-2.0690,-1.5263,0.1743,0.0483
13.60,0.9590,-2.0714,-1.5340,1.1342,-2.0663,-1.4516,1.0061,-2.0690,-1.5263,0.1753,0.0471
13.70,0.9594,-2.0819,-1.5341,1.1355,-2.0766,-1.4516,1.0066,-2.0804,-1.5262,0.1761,0.0472
13.80,0.9598,-2.0860,-1.6189,1.1357,-2.0787,-1.5416,1.0070,-2.0906,-1.5262,0.1761,0.0474
13.90,0.9599,-2.0852,-1.6989,1.1357,-2.0787,-1.6316,1.0071,-2.0930,-1.5933,0.1760,0.0479
14.00,0.9600,-2.0842,-1.8123,1.1357,-2.0787,-1.7316,1.0071,-2.0930,-1.6934,0.1758,0.0479
14.10,0.9606,-2.0823,-1.9283,1.1357,-2.0787,-1.8315,1.0071,-2.0930,-1.8052,0.1752,0.0477
14.20,0.9610,-2.0813,-2.0405,1.1357,-2.0787,-1.9315,1.0072,-2.0930,-1.9201,0.1748,0.0476
14.30,0.9615,-2.0804,-2.1510,1.1357,-2.0787,-2.0314,1.0072,-2.0930,-2.0297,0.1743,0.0474
14.40,0.9615,-2.0804,-2.2515,1.1357,-2.0787,-2.1314,1.0072,-2.0930,-2.1384,0.1742,0.0474
14.50,0.9615,-2.0804,-2.3515,1.1357,-2.0787,-2.2314,1.0072,-2.0930,-2.2395,0.1742,0.0474
14.60,0.9615,-2.0804,-2.4515,1.1357,-2.0787,-2.3314,1.0072,-2.0930,-2.3395,0.1742,0.0475
14.70,0.9615,-2.0804,-2.5515,1.1357,-2.0787,-2.4314,1.0073,-2.0931,-2.5395,0.1742,0.0475
14.80,0.9615,-2.0804,-2.6515,1.1357,-2.0787,-2.5314,1.0073,-2.0931,-2.6395,0.1742,0.0475
14.90,0.9615,-2.0804,-2.7433,1.1357,-2.0787,-2.6224,1.0073,-2.0931,-2.6395,0.1742,0.0475
15.00,0.9447,-2.0868,-2.8440,1.1149,-2.0894,-2.7030,0.9891,-2.1008,-2.8120,0.1702,0.0465
15.10,0.9269,-2.0917,-2.8965,1.0951,-2.0980,-2.7537,0.9891,-2.1008,-2.8120,0.1683,0.0629
15.20,0.9037,-2.0968,-2.9483,1.0723,-2.1067,-2.7974,0.9662,-2.1078,-2.8795,0.1689,0.0634
15.30,0.8799,-2.1010,-2.9864,1.0489,-2.1147,-2.8300,0.9425,-2.1135,-2.9294,0.1696,0.0639
15.40,0.8553,-2.1045,-3.0121,1.0252,-2.1220,-2.8550,0.9183,-2.1182,-2.9670,0.1708,0.0644
15.50,0.8306,-2.1074,-3.0328,1.0013,-2.1288,-2.8753,0.8692,-2.1257,-3.0130,0.1720,0.0426
15.60,0.8059,-2.1099,-3.0497,0.9772,-2.1351,-2.8913,0.8692,-2.1257,-3.0130,0.1732,0.0652
15.70,0.7811,-2.1120,-3.0627,0.9530,-2.1411,-2.9036,0.8444,-2.1286,-3.0299,0.1744,0.0655
15.80,0.7562,-2.1139,-3.0730,0.9287,-2.1469,-2.9134,0.7947,-2.1336,-3.0533,0.1756,0.0433
15.90,0.7313,-2.1155,-3.0811,0.9044,-2.1525,-2.9213,0.7698,-2.1357,-3.0613,0.1770,0.0435
16.00,0.7064,-2.1169,-3.0878,0.8799,-2.1578,-2.9277,0.7442,-2.1377,-3.0680,0.1783,0.0431
16.10,0.6814,-2.1182,-3.0927,0.8555,-2.1631,-2.9325,0.7442,-2.1377,-3.0680,0.1798,0.0657
16.20,0.6564,-2.1194,-3.0967,0.8311,-2.1682,-2.9363,0.6950,-2.1410,-3.0766,0.1813,0.0443
16.30,0.6315,-2.1204,-3.0999,0.8041,-2.1738,-2.9397,0.6701,-2.1426,-3.0798,0.1807,0.0445
16.40,0.6065,-2.1214,-3.1026,0.7821,-2.1783,-2.9420,0.6451,-2.1441,-3.0824,0.1845,0.0448
16.50,0.5765,-2.1226,-3.1050,0.7551,-2.1837,-2.9441,0.6194,-2.1456,-3.0846,0.1887,0.0487
16.60,0.5566,-2.1233,-3.1062,0.7331,-2.1881,-2.9454,0.6194,-2.1456,-3.0846,0.1880,0.0667
16.70,0.5316,-2.1242,-3.1074,0.7085,-2.1929,-2.9465,0.5944,-2.1470,-3.0863,0.1898,0.0669
16.80,0.5066,-2.1250,-3.1084,0.6840,-2.1978,-2.9474,0.5453,-2.1497,-3.0883,0.1917,0.0459
16.90,0.4816,-2.1258,-3.1091,0.6595,-2.2026,-2.9482,0.5453,-2.1497,-3.0883,0.1937,0.0680
17.00,0.4566,-2.1266,-3.1097,0.6349,-2.2074,-2.9487,0.4953,-2.1523,-3.0897,0.1957,0.0464
17.10,0.4316,-2.1274,-3.1102,0.6104,-2.2122,-2.9492,0.4953,-2.1523,-3.0897,0.1978,0.0684
17.20,0.4066,-2.1282,-3.1106,0.5858,-2.2170,-2.9496,0.4703,-2.1536,-3.0902,0.2000,0.0686
17.30,0.3817,-2.1290,-3.1109,0.5613,-2.2217,-2.9499,0.4204,-2.1561,-3.0908,0.2022,0.0473
17.40,0.3567,-2.1297,-3.1112,0.5368,-2.2265,-2.9501,0.4204,-2.1561,-3.0908,0.2044,0.0690
17.50,0.3317,-2.1305,-3.1114,0.5122,-2.2312,-2.9503,0.3954,-2.1574,-3.0910,0.2067,0.0692
17.60,0.3067,-2.1312,-3.1115,0.4877,-2.2360,-2.9504,0.3705,-2.1587,-3.0912,0.2091,0.0694
17.70,0.2817,-2.1320,-3.1116,0.4631,-2.2407,-2.9505,0.3205,-2.1612,-3.0915,0.2115,0.0486
17.80,0.2567,-2.1327,-3.1117,0.4361,-2.2460,-2.9506,0.2956,-2.1624,-3.0916,0.2121,0.0489
17.90,0.2317,-2.1335,-3.1118,0.4140,-2.2502,-2.9507,0.2956,-2.1624,-3.0916,0.2165,0.0701
18.00,0.2068,-2.1342,-3.1118,0.3895,-2.2550,-2.9507,0.2706,-2.1637,-3.0917,0.2190,0.0703
18.10,0.1818,-2.1350,-3.1119,0.3649,-2.2597,-2.9508,0.2206,-2.1662,-3.0918,0.2216,0.0498
18.20,0.1568,-2.1357,-3.1119,0.3404,-2.2645,-2.9508,0.1957,-2.1674,-3.0918,0.2242,0.0502
18.30,0.1318,-2.1365,-3.1120,0.3159,-2.2692,-2.9508,0.1957,-2.1674,-3.0918,0.2269,0.0710
18.40,0.1068,-2.1372,-3.1120,0.2913,-2.2739,-2.9508,0.1707,-2.1686,-3.0918,0.2296,0.0712
18.50,0.0818,-2.1379,-3.1120,0.2668,-2.2787,-2.9509,0.1457,-2.1699,-3.0917,0.2324,0.0715
18.60,0.0568,-2.1387,-3.1120,0.2422,-2.2834,-2.9509,0.1208,-2.1711,-3.0917,0.2352,0.0717
18.70,0.0319,-2.1394,-3.1120,0.2177,-2.2882,-2.9509,0.0958,-2.1724,-3.0917,0.2380,0.0719
18.80,0.0069,-2.1401,-3.1120,0.1931,-2.2929,-2.9509,0.0701,-2.1737,-3.0917,0.2409,0.0716
18.90,-0.0181,-2.1409,-3.1120,0.1686,-2.2976,-2.9509,0.0459,-2.1749,-3.0917,0.2438,0.0725
19.00,-0.0431,-2.1416,-3.1120,0.1440,-2.3024,-2.9509,0.0209,-2.1761,-3.0917,0.2467,0.0727
19.10,-0.0681,-2.1424,-3.1121,0.1195,-2.3071,-2.9509,-0.0041,-2.1774,-3.0917,0.2496,0.0730
19.20,-0.0931,-2.1431,-3.1121,0.0949,-2.3119,-2.9509,-0.0290,-2.1786,-3.0918,0.2526,0.0732
19.30,-0.1181,-2.1438,-3.1121,0.0704,-2.3166,-2.9509,-0.0540,-2.1799,-3.0918,0.2556,0.0735
19.40,-0.1431,-2.1446,-3.1121,0.0458,-2.3213,-2.9509,-0.0790,-2.1811,-3.0918,0.2587,0.0737
19.50,-0.1680,-2.1453,-3.1121,0.0213,-2.3261,-2.9509,-0.1040,-2.1823,-3.0918,0.2618,0.0740
19.60,-0.1930,-2.1461,-3.1121,-0.0033,-2.3308,-2.9509,-0.1539,-2.1848,-3.0918,0.2648,0.0551
19.70,-0.2180,-2.1468,-3.1121,-0.0278,-2.3355,-2.9509,-0.1789,-2.1861,-3.0918,0.2680,0.0555
19.80,-0.2430,-2.1475,-3.1121,-0.0548,-2.3408,-2.9509,-0.2038,-2.1873,-3.0918,0.2697,0.0558
19.90,-0.2680,-2.1483,-3.1121,-0.0769,-2.3450,-2.9509,-0.2038,-2.1873,-3.0918,0.2743,0.0751
20.00,-0.2930,-2.1490,-3.1121,-0.1015,-2.3498,-2.9509,-0.2288,-2.1886,-3.0918,0.2775,0.0754
20.10,-0.3180,-2.1497,-3.1121,-0.1260,-2.3545,-2.9509,-0.2538,-2.1898,-3.0918,0.2807,0.0757
20.20,-0.3430,-2.1505,-3.1121,-0.1505,-2.3592,-2.9509,-0.2787,-2.1911,-3.0918,0.2839,0.0759
20.30,-0.3679,-2.1512,-3.1121,-0.1751,-2.3640,-2.9509,-0.3037,-2.1923,-3.0918,0.2872,0.0762
20.40,-0.3929,-2.1520,-3.1121,-0.1996,-2.3687,-2.9509,-0.3292,-2.1936,-3.0918,0.2904,0.0761
20.50,-0.4179,-2.1527,-3.1121,-0.2242,-2.3735,-2.9509,-0.3542,-2.1948,-3.0918,0.2937,0.0764
20.60,-0.4429,-2.1534,-3.1121,-0.2487,-2.3782,-2.9509,-0.3786,-2.1960,-3.0918,0.2970,0.0771
20.70,-0.4679,-2.1542,-3.1121,-0.2733,-2.3829,-2.9509,-0.4036,-2.1973,-3.0918,0.3003,0.0774
20.80,-0.4929,-2.1549,-3.1121,-0.2978,-2.3877,-2.9509,-0.4286,-2.1985,-3.0918,0.3037,0.0777
20.90,-0.5179,-2.1556,-3.1121,-0.3224,-2.3924,-2.9509,-0.4535,-2.1998,-3.0918,0.3070,0.0780
21.00,-0.5429,-2.1564,-3.1121,-0.3469,-2.3972,-2.9509,-0.4785,-2.2010,-3.0918,0.3104,0.0783
21.10,-0.5678,-2.1571,-3.1121,-0.3715,-2.4019,-2.9508,-0.5289,-2.2035,-3.0918,0.3138,0.0605
21.20,-0.5928,-2.1579,-3.1121,-0.3960,-2.4066,-2.9508,-0.5534,-2.2047,-3.0918,0.3172,0.0612
21.30,-0.6178,-2.1586,-3.1121,-0.4206,-2.4114,-2.9508,-0.5534,-2.2047,-3.0918,0.3206,0.0792
21.40,-0.6428,-2.1593,-3.1121,-0.4451,-2.4161,-2.9508,-0.5784,-2.2060,-3.0919,0.3241,0.0795
21.50,-0.6678,-2.1601,-3.1121,-0.4697,-2.4209,-2.9508,-0.6034,-2.2072,-3.0919,0.3275,0.0798
21.60,-0.6928,-2.1608,-3.1121,-0.4942,-2.4256,-2.9508,-0.6533,-2.2097,-3.0919,0.3310,0.0629
21.70,-0.7178,-2.1615,-3.1121,-0.5188,-2.4303,-2.9508,-0.6533,-2.2097,-3.0919,0.3345,0.0805
21.80,-0.7428,-2.1623,-3.1121,-0.5433,-2.4351,-2.9508,-0.6783,-2.2109,-3.0920,0.3379,0.0808
21.90,-0.7678,-2.1630,-3.1121,-0.5679,-2.4398,-2.9508,-0.7032,-2.2122,-3.0920,0.3414,0.0811
22.00,-0.7927,-2.1638,-3.1120,-0.5924,-2.4446,-2.9508,-0.7282,-2.2134,-3.0920,0.3449,0.0814
22.10,-0.8177,-2.1645,-3.1121,-0.6170,-2.4493,-2.9508,-0.7532,-2.2147,-3.0919,0.3485,0.0818
22.20,-0.8427,-2.1652,-3.1121,-0.6415,-2.4540,-2.9508,-0.7782,-2.2159,-3.0919,0.3520,0.0821
22.30,-0.8677,-2.1660,-3.1121,-0.6660,-2.4588,-2.9508,-0.8031,-2.2171,-3.0919,0.3555,0.0824
22.40,-0.8927,-2.1667,-3.1120,-0.6906,-2.4635,-2.9508,-0.8531,-2.2196,-3.0919,0.3591,0.0661
22.50,-0.9177,-2.1674,-3.1120,-0.7151,-2.4683,-2.9508,-0.8780,-2.2209,-3.0919,0.3627,0.0665
22.60,-0.9427,-2.1682,-3.1120,-0.7397,-2.4730,-2.9508,-0.8780,-2.2209,-3.0919,0.3662,0.0834
22.70,-0.9677,-2.1689,-3.1120,-0.7642,-2.4778,-2.9508,-0.9030,-2.2221,-3.0919,0.3698,0.0837
22.80,-0.9927,-2.1697,-3.1121,-0.7888,-2.4825,-2.9508,-0.9280,-2.2234,-3.0919,0.3734,0.0841
22.90,-1.0176,-2.1704,-3.1121,-0.8133,-2.4872,-2.9508,-0.9779,-2.2258,-3.0919,0.3770,0.0682
23.00,-1.0426,-2.1711,-3.1120,-0.8379,-2.4920,-2.9508,-0.9779,-2.2258,-3.0919,0.3806,0.0847
23.10,-1.0676,-2.1719,-3.1120,-0.8624,-2.4967,-2.9508,-1.0029,-2.2271,-3.0919,0.3842,0.0851
23.20,-1.0926,-2.1726,-3.1120,-0.8870,-2.5015,-2.9508,-1.0528,-2.2296,-3.0919,0.3878,0.0695
23.30,-1.1176,-2.1734,-3.1120,-0.9115,-2.5062,-2.9508,-1.0778,-2.2308,-3.0920,0.3915,0.0699
23.40,-1.1426,-2.1741,-3.1120,-0.9361,-2.5109,-2.9508,-1.1028,-2.2320,-3.0920,0.3951,0.0703
23.50,-1.1676,-2.1748,-3.1120,-0.9606,-2.5157,-2.9508,-1.1028,-2.2320,-3.0920,0.3988,0.0864
23.60,-1.1926,-2.1756,-3.1121,-0.9852,-2.5204,-2.9508,-1.1277,-2.2333,-3.0920,0.4024,0.0868
23.70,-1.2175,-2.1763,-3.1121,-1.0097,-2.5252,-2.9508,-1.1527,-2.2345,-3.0920,0.4061,0.0871
23.80,-1.2425,-2.1770,-3.1121,-1.0343,-2.5299,-2.9507,-1.1782,-2.2358,-3.0920,0.4097,0.0871
23.90,-1.2675,-2.1778,-3.1120,-1.0588,-2.5347,-2.9507,-1.2034,-2.2370,-3.0920,0.4134,0.0873
24.00,-1.2925,-2.1785,-3.1120,-1.0833,-2.5394,-2.9507,-1.2284,-2.2383,-3.0920,0.4171,0.0877
24.10,-1.3175,-2.1793,-3.1120,-1.1079,-2.5441,-2.9507,-1.2526,-2.2395,-3.0920,0.4208,0.0885
24.20,-1.3425,-2.1800,-3.1120,-1.1324,-2.5489,-2.9507,-1.2776,-2.2407,-3.0920,0.4245,0.0889
24.30,-1.3675,-2.1807,-3.1120,-1.1570,-2.5536,-2.9507,-1.3025,-2.2420,-3.0920,0.4282,0.0893
24.40,-1.3925,-2.1815,-3.1120,-1.1815,-2.5584,-2.9507,-1.3275,-2.2432,-3.0920,0.4319,0.0896
24.50,-1.4174,-2.1822,-3.1120,-1.2061,-2.5631,-2.9507,-1.3525,-2.2444,-3.0920,0.4356,0.0900
24.60,-1.4424,-2.1829,-3.1120,-1.2306,-2.5679,-2.9507,-1.4024,-2.2469,-3.0920,0.4393,0.0755
24.70,-1.4674,-2.1837,-3.1120,-1.2552,-2.5726,-2.9507,-1.4024,-2.2469,-3.0920,0.4431,0.0907
24.80,-1.4924,-2.1844,-3.1120,-1.2797,-2.5773,-2.9507,-1.4274,-2.2482,-3.0920,0.4468,0.0910
24.90,-1.5174,-2.1852,-3.1120,-1.3043,-2.5821,-2.9507,-1.4523,-2.2494,-3.0920,0.4505,0.0914
25.00,-1.5424,-2.1859,-3.1120,-1.3288,-2.5868,-2.9507,-1.4773,-2.2506,-3.0920,0.4543,0.0918
25.10,-1.5674,-2.1866,-3.1120,-1.3534,-2.5916,-2.9507,-1.5023,-2.2519,-3.0920,0.4580,0.0921
25.20,-1.5924,-2.1874,-3.1120,-1.3779,-2.5963,-2.9507,-1.5522,-2.2544,-3.0920,0.4618,0.0781
25.30,-1.6174,-2.1881,-3.1120,-1.4025,-2.6011,-2.9507,-1.5522,-2.2544,-3.0920,0.4655,0.0929
25.40,-1.6423,-2.1889,-3.1120,-1.4270,-2.6058,-2.9507,-1.5772,-2.2556,-3.0920,0.4693,0.0933
25.50,-1.6673,-2.1896,-3.1120,-1.4516,-2.6106,-2.9507,-1.6022,-2.2568,-3.0920,0.4730,0.0936
25.60,-1.6923,-2.1903,-3.1120,-1.4761,-2.6153,-2.9507,-1.6271,-2.2581,-3.0920,0.4768,0.0940
25.70,-1.7173,-2.1911,-3.1120,-1.5006,-2.6200,-2.9507,-1.6521,-2.2593,-3.0920,0.4806,0.0944
25.80,-1.7423,-2.1918,-3.1120,-1.5252,-2.6248,-2.9506,-1.6771,-2.2605,-3.0920,0.4843,0.0947
25.90,-1.7661,-2.1925,-3.1120,-1.5484,-2.6293,-2.9506,-1.7021,-2.2618,-3.0920,0.4880,0.0943
26.00,-1.7880,-2.1932,-3.1120,-1.5699,-2.6334,-2.9506,-1.7258,-2.2630,-3.0920,0.4913,0.0935
26.10,-1.8084,-2.1938,-3.1120,-1.5897,-2.6373,-2.9506,-1.7476,-2.2640,-3.0920,0.4945,0.0929
26.20,-1.8269,-2.1943,-3.1120,-1.6078,-2.6407,-2.9506,-1.7679,-2.2651,-3.0920,0.4973,0.0921
26.30,-1.8439,-2.1948,-3.1120,-1.6244,-2.6440,-2.9506,-1.8033,-2.2668,-3.0920,0.4999,0.0827
26.40,-1.8597,-2.1953,-3.1120,-1.6397,-2.6469,-2.9506,-1.8033,-2.2668,-3.0920,0.5024,0.0911
26.50,-1.8740,-2.1957,-3.1120,-1.6537,-2.6496,-2.9506,-1.8190,-2.2676,-3.0920,0.5045,0.0905
26.60,-1.8873,-2.1961,-3.1120,-1.6667,-2.6521,-2.9506,-1.8467,-2.2690,-3.0920,0.5066,0.0834
26.70,-1.8995,-2.1965,-3.1120,-1.6786,-2.6544,-2.9506,-1.8590,-2.2696,-3.0920,0.5085,0.0836
26.80,-1.9108,-2.1968,-3.1119,-1.6897,-2.6566,-2.9506,-1.8702,-2.2701,-3.0920,0.5102,0.0838
26.90,-1.9210,-2.1971,-3.1119,-1.6996,-2.6585,-2.9506,-1.8702,-2.2701,-3.0920,0.5118,0.0890
27.00,-1.9249,-2.1973,3.0784,-1.7006,-2.6587,-3.0406,-1.8806,-2.2706,-3.0920,0.5131,0.0857
27.10,-1.9243,-2.1974,2.9783,-1.7006,-2.6587,-3.1406,-1.8818,-2.2707,3.0985,0.5127,0.0848
27.20,-1.9230,-2.1976,2.8681,-1.7006,-2.6587,3.0427,-1.8818,-2.2707,2.9985,0.5119,0.0839
27.30,-1.9217,-2.1980,2.7534,-1.7006,-2.6587,2.9427,-1.8818,-2.2707,2.8878,0.5110,0.0829
27.40,-1.9203,-2.1986,2.6377,-1.7006,-2.6587,2.8428,-1.8818,-2.2707,2.6600,0.5098,0.0818
27.50,-1.9191,-2.1994,2.5232,-1.7006,-2.6587,2.7428,-1.8818,-2.2707,2.6600,0.5087,0.0806
27.60,-1.9188,-2.1996,2.4192,-1.7006,-2.6587,2.6429,-1.8818,-2.2708,2.4405,0.5083,0.0802
27.70,-1.9188,-2.1996,2.3192,-1.7006,-2.6587,2.5429,-1.8818,-2.2708,2.4405,0.5083,0.0802
27.80,-1.9188,-2.1996,2.2192,-1.7006,-2.6587,2.4428,-1.8818,-2.2708,2.3405,0.5083,0.0803
27.90,-1.9188,-2.1996,2.1192,-1.7006,-2.6587,2.3428,-1.8818,-2.2708,2.1375,0.5083,0.0803
28.00,-1.9188,-2.1996,2.0191,-1.7006,-2.6587,2.2428,-1.8818,-2.2708,2.1375,0.5083,0.0803
28.10,-1.9188,-2.1996,1.9347,-1.7006,-2.6587,2.1600,-1.8819,-2.2709,1.9562,0.5083,0.0803
28.20,-1.9228,-2.1890,1.8588,-1.7105,-2.6425,2.0926,-1.8819,-2.2709,1.9562,0.5007,0.0916
28.30,-1.9288,-2.1663,1.7990,-1.7220,-2.6212,2.0405,-1.8884,-2.2544,1.8821,0.4998,0.0969
28.40,-1.9338,-2.1423,1.7594,-1.7326,-2.5991,2.0018,-1.8947,-2.2329,1.8270,0.4992,0.0987
28.50,-1.9381,-2.1180,1.7276,-1.7426,-2.5765,1.9712,-1.9008,-2.2074,1.7847,0.4985,0.0968
28.60,-1.9416,-2.0936,1.7014,-1.7520,-2.5536,1.9468,-1.9057,-2.1831,1.7543,0.4975,0.0965
28.70,-1.9445,-2.0690,1.6804,-1.7609,-2.5303,1.9275,-1.9099,-2.1587,1.7288,0.4965,0.0961
28.80,-1.9471,-2.0442,1.6645,-1.7694,-2.5069,1.9120,-1.9168,-2.1093,1.6928,0.4956,0.0718
28.90,-1.9492,-2.0193,1.6522,-1.7776,-2.4833,1.9000,-1.9168,-2.1093,1.6928,0.4947,0.0957
29.00,-1.9511,-1.9945,1.6417,-1.7856,-2.4597,1.8902,-1.9197,-2.0845,1.6808,0.4938,0.0954
29.10,-1.9528,-1.9696,1.6339,-1.7933,-2.4359,1.8825,-1.9246,-2.0348,1.6622,0.4929,0.0711
29.20,-1.9543,-1.9446,1.6276,-1.8009,-2.4121,1.8764,-1.9246,-2.0348,1.6622,0.4920,0.0949
29.30,-1.9556,-1.9197,1.6227,-1.8084,-2.3882,1.8716,-1.9268,-2.0099,1.6559,0.4912,0.0947
29.40,-1.9569,-1.8947,1.6187,-1.8157,-2.3644,1.8678,-1.9289,-1.9850,1.6510,0.4904,0.0945
29.50,-1.9580,-1.8697,1.6156,-1.8230,-2.3404,1.8648,-1.9309,-1.9601,1.6472,0.4897,0.0943
29.60,-1.9591,-1.8448,1.6132,-1.8302,-2.3165,1.8625,-1.9328,-1.9346,1.6441,0.4890,0.0937
29.70,-1.9602,-1.8198,1.6113,-1.8374,-2.2925,1.8606,-1.9346,-1.9094,1.6417,0.4885,0.0932
29.80,-1.9611,-1.7948,1.6097,-1.8445,-2.2686,1.8591,-1.9363,-1.8852,1.6398,0.4879,0.0938
29.90,-1.9621,-1.7698,1.6085,-1.8516,-2.2446,1.8579,-1.9378,-1.8628,1.6384,0.4875,0.0961
30.00,-1.9630,-1.7448,1.6075,-1.8587,-2.2206,1.8569,-1.9396,-1.8353,1.6370,0.4871,0.0935
30.10,-1.9639,-1.7199,1.6067,-1.8657,-2.1966,1.8562,-1.9413,-1.8104,1.6360,0.4868,0.0933
30.20,-1.9648,-1.6949,1.6060,-1.8727,-2.1727,1.8555,-1.9429,-1.7854,1.6353,0.4866,0.0932
30.30,-1.9657,-1.6699,1.6055,-1.8798,-2.1487,1.8551,-1.9461,-1.7348,1.6341,0.4864,0.0678
30.40,-1.9666,-1.6449,1.6051,-1.8868,-2.1247,1.8547,-1.9461,-1.7348,1.6341,0.4863,0.0922
30.50,-1.9674,-1.6199,1.6048,-1.8938,-2.1007,1.8544,-1.9476,-1.7106,1.6337,0.4864,0.0928
30.60,-1.9683,-1.5949,1.6046,-1.9008,-2.0767,1.8541,-1.9492,-1.6856,1.6334,0.4864,0.0927
30.70,-1.9691,-1.5699,1.6043,-1.9077,-2.0526,1.8539,-1.9508,-1.6607,1.6332,0.4866,0.0926
30.80,-1.9699,-1.5450,1.6042,-1.9147,-2.0286,1.8538,-1.9539,-1.6108,1.6327,0.4868,0.0677
30.90,-1.9708,-1.5200,1.6041,-1.9217,-2.0046,1.8537,-1.9539,-1.6108,1.6327,0.4871,0.0924
31.00,-1.9716,-1.4950,1.6040,-1.9287,-1.9806,1.8536,-1.9554,-1.5858,1.6326,0.4875,0.0923
31.10,-1.9724,-1.4700,1.6039,-1.9357,-1.9566,1.8535,-1.9570,-1.5609,1.6325,0.4880,0.0922
31.20,-1.9733,-1.4450,1.6038,-1.9426,-1.9326,1.8534,-1.9585,-1.5359,1.6324,0.4885,0.0921
31.30,-1.9741,-1.4200,1.6038,-1.9496,-1.9086,1.8534,-1.9601,-1.5107,1.6324,0.4892,0.0917
31.40,-1.9749,-1.3951,1.6037,-1.9566,-1.8846,1.8534,-1.9631,-1.4611,1.6323,0.4899,0.0670
31.50,-1.9757,-1.3701,1.6037,-1.9635,-1.8606,1.8533,-1.9647,-1.4361,1.6322,0.4907,0.0669
31.60,-1.9766,-1.3451,1.6037,-1.9705,-1.8366,1.8533,-1.9647,-1.4361,1.6322,0.4915,0.0918
31.70,-1.9774,-1.3201,1.6037,-1.9775,-1.8126,1.8533,-1.9677,-1.3862,1.6322,0.4925,0.0668
31.80,-1.9782,-1.2951,1.6036,-1.9845,-1.7886,1.8533,-1.9677,-1.3862,1.6322,0.4935,0.0917
31.90,-1.9790,-1.2701,1.6036,-1.9914,-1.7645,1.8533,-1.9693,-1.3612,1.6322,0.4946,0.0916
32.00,-1.9798,-1.2452,1.6036,-1.9984,-1.7405,1.8533,-1.9708,-1.3363,1.6322,0.4957,0.0916
32.10,-1.9807,-1.2202,1.6036,-2.0054,-1.7165,1.8533,-1.9723,-1.3113,1.6321,0.4970,0.0915
32.20,-1.9816,-1.1902,1.6036,-2.0130,-1.6901,1.8533,-1.9754,-1.2614,1.6321,0.5009,0.0715
32.30,-1.9823,-1.1702,1.6036,-2.0193,-1.6685,1.8533,-1.9769,-1.2365,1.6321,0.4997,0.0665
32.40,-1.9831,-1.1452,1.6036,-2.0263,-1.6445,1.8533,-1.9769,-1.2365,1.6321,0.5011,0.0915
32.50,-1.9839,-1.1202,1.6036,-2.0332,-1.6205,1.8533,-1.9785,-1.2115,1.6321,0.5027,0.0915
32.60,-1.9848,-1.0953,1.6036,-2.0402,-1.5965,1.8533,-1.9815,-1.1616,1.6321,0.5043,0.0664
32.70,-1.9856,-1.0703,1.6036,-2.0472,-1.5725,1.8533,-1.9830,-1.1367,1.6321,0.5059,0.0664
32.80,-1.9864,-1.0453,1.6036,-2.0541,-1.5485,1.8533,-1.9830,-1.1367,1.6321,0.5077,0.0914
32.90,-1.9872,-1.0203,1.6036,-2.0611,-1.5244,1.8533,-1.9846,-1.1107,1.6321,0.5095,0.0904
33.00,-1.9880,-0.9953,1.6036,-2.0681,-1.5004,1.8533,-1.9861,-1.0867,1.6321,0.5114,0.0914
33.10,-1.9888,-0.9703,1.6036,-2.0750,-1.4764,1.8533,-1.9876,-1.0618,1.6321,0.5134,0.0915
33.20,-1.9897,-0.9453,1.6036,-2.0820,-1.4524,1.8533,-1.9892,-1.0368,1.6321,0.5154,0.0915
33.30,-1.9905,-0.9204,1.6036,-2.0890,-1.4284,1.8533,-1.9907,-1.0119,1.6320,0.5175,0.0915
33.40,-1.9913,-0.8954,1.6036,-2.0959,-1.4044,1.8533,-1.9922,-0.9869,1.6321,0.5197,0.0916
33.50,-1.9921,-0.8704,1.6036,-2.1029,-1.3804,1.8533,-1.9953,-0.9370,1.6320,0.5219,0.0667
33.60,-1.9929,-0.8454,1.6036,-2.1099,-1.3564,1.8533,-1.9968,-0.9121,1.6320,0.5242,0.0668
33.70,-1.9938,-0.8204,1.6036,-2.1169,-1.3324,1.8533,-1.9984,-0.8869,1.6320,0.5265,0.0666
33.80,-1.9946,-0.7954,1.6036,-2.1238,-1.3084,1.8533,-1.9984,-0.8869,1.6320,0.5290,0.0915
33.90,-1.9954,-0.7704,1.6036,-2.1308,-1.2843,1.8533,-1.9999,-0.8622,1.6320,0.5314,0.0918
34.00,-1.9962,-0.7455,1.6036,-2.1378,-1.2603,1.8533,-2.0028,-0.8140,1.6320,0.5340,0.0689
34.10,-1.9970,-0.7205,1.6036,-2.1447,-1.2363,1.8533,-2.0028,-0.8140,1.6320,0.5366,0.0937
34.20,-1.9979,-0.6955,1.6036,-2.1517,-1.2123,1.8533,-2.0060,-0.7623,1.6320,0.5392,0.0673
34.30,-1.9988,-0.6655,1.6036,-2.1594,-1.1859,1.8533,-2.0075,-0.7374,1.6320,0.5446,0.0724
34.40,-1.9995,-0.6455,1.6036,-2.1656,-1.1643,1.8533,-2.0075,-0.7374,1.6320,0.5447,0.0922
34.50,-2.0003,-0.6205,1.6036,-2.1726,-1.1403,1.8533,-2.0106,-0.6875,1.6321,0.5476,0.0677
34.60,-2.0011,-0.5955,1.6036,-2.1796,-1.1163,1.8533,-2.0121,-0.6625,1.6321,0.5505,0.0679
34.70,-2.0020,-0.5705,1.6036,-2.1866,-1.0923,1.8533,-2.0121,-0.6625,1.6321,0.5534,0.0925
34.80,-2.0028,-0.5456,1.6036,-2.1935,-1.0683,1.8533,-2.0137,-0.6376,1.6321,0.5564,0.0926
34.90,-2.0036,-0.5206,1.6036,-2.2005,-1.0442,1.8533,-2.0152,-0.6126,1.6321,0.5594,0.0928
35.00,-2.0044,-0.4956,1.6036,-2.2075,-1.0202,1.8533,-2.0182,-0.5627,1.6321,0.5625,0.0685
35.10,-2.0052,-0.4706,1.6036,-2.2144,-0.9962,1.8533,-2.0182,-0.5627,1.6321,0.5657,0.0930
35.20,-2.0061,-0.4457,1.6036,-2.2214,-0.9722,1.8533,-2.0213,-0.5128,1.6320,0.5689,0.0689
35.30,-2.0069,-0.4207,1.6036,-2.2284,-0.9482,1.8533,-2.0213,-0.5128,1.6320,0.5722,0.0933
35.40,-2.0077,-0.3957,1.6036,-2.2353,-0.9242,1.8533,-2.0244,-0.4629,1.6321,0.5755,0.0692
35.50,-2.0085,-0.3707,1.6036,-2.2423,-0.9002,1.8533,-2.0259,-0.4379,1.6321,0.5788,0.0695
35.60,-2.0093,-0.3457,1.6036,-2.2493,-0.8762,1.8533,-2.0259,-0.4379,1.6321,0.5822,0.0937
35.70,-2.0102,-0.3207,1.6036,-2.2563,-0.8522,1.8533,-2.0274,-0.4130,1.6321,0.5857,0.0939
35.80,-2.0110,-0.2957,1.6036,-2.2632,-0.8282,1.8533,-2.0290,-0.3880,1.6321,0.5892,0.0940
35.90,-2.0118,-0.2708,1.6036,-2.2702,-0.8041,1.8533,-2.0305,-0.3631,1.6321,0.5927,0.0942
36.00,-2.0126,-0.2458,1.6036,-2.2772,-0.7801,1.8533,-2.0320,-0.3381,1.6321,0.5963,0.0944
36.10,-2.0134,-0.2208,1.6036,-2.2841,-0.7561,1.8533,-2.0351,-0.2882,1.6321,0.5999,0.0708
36.20,-2.0143,-0.1958,1.6036,-2.2911,-0.7321,1.8533,-2.0351,-0.2882,1.6321,0.6036,0.0947
36.30,-2.0151,-0.1708,1.6036,-2.2981,-0.7081,1.8533,-2.0367,-0.2625,1.6321,0.6073,0.0942
36.40,-2.0159,-0.1458,1.6036,-2.3057,-0.6817,1.8533,-2.0397,-0.2133,1.6321,0.6092,0.0716
36.50,-2.0167,-0.1208,1.6036,-2.3120,-0.6601,1.8533,-2.0397,-0.2133,1.6321,0.6148,0.0953
36.60,-2.0175,-0.0959,1.6036,-2.3190,-0.6361,1.8534,-2.0412,-0.1884,1.6321,0.6186,0.0955
36.70,-2.0184,-0.0709,1.6036,-2.3260,-0.6121,1.8534,-2.0427,-0.1634,1.6321,0.6225,0.0957
36.80,-2.0192,-0.0459,1.6036,-2.3329,-0.5881,1.8534,-2.0443,-0.1385,1.6320,0.6264,0.0959
36.90,-2.0200,-0.0209,1.6036,-2.3399,-0.5641,1.8534,-2.0473,-0.0886,1.6320,0.6303,0.0730
37.00,-2.0208,0.0041,1.6036,-2.3469,-0.5400,1.8534,-2.0473,-0.0886,1.6320,0.6343,0.0964
37.10,-2.0216,0.0291,1.6036,-2.3538,-0.5160,1.8534,-2.0489,-0.0636,1.6320,0.6383,0.0966
37.20,-2.0224,0.0540,1.6036,-2.3608,-0.4920,1.8534,-2.0504,-0.0387,1.6320,0.6424,0.0968
37.30,-2.0233,0.0790,1.6036,-2.3678,-0.4680,1.8534,-2.0519,-0.0137,1.6321,0.6465,0.0971
37.40,-2.0241,0.1040,1.6036,-2.3748,-0.4440,1.8534,-2.0535,0.0112,1.6320,0.6506,0.0973
37.50,-2.0249,0.1290,1.6036,-2.3817,-0.4200,1.8534,-2.0550,0.0362,1.6320,0.6548,0.0976
37.60,-2.0257,0.1540,1.6036,-2.3887,-0.3960,1.8534,-2.0565,0.0611,1.6320,0.6589,0.0978
37.70,-2.0265,0.1790,1.6036,-2.3957,-0.3720,1.8534,-2.0595,0.1091,1.6321,0.6632,0.0773
37.80,-2.0274,0.2039,1.6036,-2.4026,-0.3480,1.8534,-2.0595,0.1091,1.6321,0.6674,0.1002
37.90,-2.0282,0.2278,1.6036,-2.4093,-0.3251,1.8534,-2.0611,0.1360,1.6321,0.6716,0.0975
38.00,-2.0289,0.2499,1.6036,-2.4154,-0.3041,1.8534,-2.0626,0.1598,1.6321,0.6755,0.0962
38.10,-2.0295,0.2704,1.6036,-2.4211,-0.2845,1.8534,-2.0639,0.1818,1.6321,0.6791,0.0951
38.20,-2.0302,0.2892,1.6036,-2.4263,-0.2666,1.8534,-2.0663,0.2209,1.6321,0.6825,0.0772
38.30,-2.0307,0.3064,1.6036,-2.4310,-0.2501,1.8534,-2.0663,0.2209,1.6321,0.6855,0.0926
38.40,-2.0312,0.3222,1.6036,-2.4354,-0.2350,1.8534,-2.0674,0.2381,1.6321,0.6884,0.0916
38.50,-2.0317,0.3367,1.6036,-2.4395,-0.2212,1.8534,-2.0683,0.2538,1.6321,0.6910,0.0906
38.60,-2.0322,0.3501,1.6036,-2.4432,-0.2084,1.8534,-2.0692,0.2683,1.6321,0.6934,0.0898
38.70,-2.0326,0.3622,1.6036,-2.4465,-0.1968,1.8534,-2.0700,0.2816,1.6321,0.6956,0.0889
38.80,-2.0329,0.3733,1.6037,-2.4496,-0.1862,1.8535,-2.0708,0.2937,1.6321,0.6976,0.0882
38.90,-2.0333,0.3837,1.6037,-2.4525,-0.1763,1.8535,-2.0715,0.3048,1.6322,0.6995,0.0877
39.00,-2.0334,0.3887,1.5221,-2.4530,-0.1744,1.7735,-2.0723,0.3177,1.5459,0.7023,0.0810
39.10,-2.0336,0.3882,1.4240,-2.4530,-0.1744,1.6735,-2.0723,0.3177,1.5459,0.7018,0.0805
39.20,-2.0338,0.3870,1.3148,-2.4530,-0.1744,1.5735,-2.0723,0.3177,1.4541,0.7007,0.0793
39.30,-2.0342,0.3858,1.2006,-2.4530,-0.1744,1.4736,-2.0723,0.3177,1.3338,0.6994,0.0780
39.40,-2.0347,0.3846,1.0867,-2.4530,-0.1744,1.3736,-2.0723,0.3177,1.2207,0.6982,0.0767
39.50,-2.0352,0.3837,0.9761,-2.4530,-0.1744,1.2637,-2.0723,0.3177,1.0009,0.6972,0.0758
39.60,-2.0355,0.3833,0.8704,-2.4530,-0.1744,1.1737,-2.0723,0.3177,1.0009,0.6967,0.0752
39.70,-2.0355,0.3833,0.7704,-2.4530,-0.1744,1.0737,-2.0723,0.3177,0.7950,0.6967,0.0752
39.80,-2.0355,0.3833,0.6704,-2.4530,-0.1744,0.9737,-2.0723,0.3177,0.7950,0.6967,0.0752
39.90,-2.0355,0.3833,0.5704,-2.4530,-0.1744,0.8737,-2.0724,0.3177,0.6950,0.6967,0.0752
40.00,-2.0355,0.3833,0.4704,-2.4530,-0.1744,0.7737,-2.0724,0.3178,0.4950,0.6967,0.0752
40.10,-2.0355,0.3833,0.3830,-2.4530,-0.1744,0.6878,-2.0724,0.3178,0.4950,0.6967,0.0752
40.20,-2.0228,0.3883,0.3063,-2.4361,-0.1615,0.6211,-2.0724,0.3178,0.4086,0.6878,0.0862
40.30,-2.0004,0.3946,0.2432,-2.4161,-0.1480,0.5681,-2.0310,0.3328,0.2710,0.6835,0.0690
40.40,-1.9768,0.3998,0.2002,-2.3951,-0.1352,0.5294,-2.0073,0.3388,0.2289,0.6792,0.0682
40.50,-1.9525,0.4044,0.1693,-2.3736,-0.1231,0.4990,-1.9831,0.3441,0.1986,0.6749,0.0676
40.60,-1.9281,0.4082,0.1438,-2.3517,-0.1115,0.4749,-1.9831,0.3441,0.1986,0.6704,0.0845
40.70,-1.9036,0.4115,0.1219,-2.3294,-0.1003,0.4552,-1.9587,0.3486,0.1724,0.6658,0.0836
40.80,-1.8789,0.4143,0.1051,-2.3070,-0.0895,0.4394,-1.9341,0.3526,0.1510,0.6611,0.0828
40.90,-1.8541,0.4167,0.0923,-2.2843,-0.0791,0.4274,-1.8847,0.3594,0.1219,0.6564,0.0650
41.00,-1.8293,0.4189,0.0824,-2.2615,-0.0688,0.4179,-1.8599,0.3623,0.1124,0.6517,0.0644
41.10,-1.8044,0.4208,0.0741,-2.2387,-0.0588,0.4101,-1.8599,0.3623,0.1124,0.6470,0.0807
41.20,-1.7795,0.4226,0.0677,-2.2157,-0.0489,0.4041,-1.8099,0.3675,0.0976,0.6423,0.0629
41.30,-1.7546,0.4242,0.0628,-2.1927,-0.0391,0.3993,-1.8099,0.3675,0.0976,0.6377,0.0793
41.40,-1.7296,0.4257,0.0589,-2.1697,-0.0294,0.3955,-1.7853,0.3698,0.0928,0.6331,0.0789
41.50,-1.7046,0.4272,0.0557,-2.1466,-0.0198,0.3924,-1.7604,0.3721,0.0889,0.6286,0.0783
41.60,-1.6797,0.4285,0.0532,-2.1235,-0.0103,0.3899,-1.7355,0.3743,0.0857,0.6241,0.0778
41.70,-1.6547,0.4298,0.0510,-2.1003,-0.0008,0.3879,-1.7106,0.3764,0.0832,0.6197,0.0773
41.80,-1.6298,0.4311,0.0494,-2.0772,0.0086,0.3864,-1.6607,0.3804,0.0795,0.6154,0.0594
41.90,-1.6048,0.4323,0.0481,-2.0540,0.0180,0.3851,-1.6358,0.3824,0.0782,0.6111,0.0587
42.00,-1.5798,0.4335,0.0470,-2.0308,0.0274,0.3840,-1.6358,0.3824,0.0782,0.6069,0.0758
42.10,-1.5549,0.4347,0.0462,-2.0077,0.0367,0.3832,-1.6109,0.3843,0.0772,0.6028,0.0753
42.20,-1.5299,0.4358,0.0455,-1.9845,0.0461,0.3826,-1.5610,0.3881,0.0757,0.5988,0.0569
42.30,-1.5049,0.4369,0.0450,-1.9613,0.0554,0.3821,-1.5610,0.3881,0.0757,0.5948,0.0743
42.40,-1.4799,0.4380,0.0446,-1.9381,0.0647,0.3817,-1.5111,0.3919,0.0747,0.5910,0.0557
42.50,-1.4550,0.4392,0.0442,-1.9149,0.0740,0.3813,-1.5111,0.3919,0.0747,0.5872,0.0734
42.60,-1.4300,0.4403,0.0439,-1.8917,0.0833,0.3811,-1.4862,0.3938,0.0744,0.5836,0.0730
42.70,-1.4050,0.4414,0.0437,-1.8685,0.0926,0.3809,-1.4363,0.3975,0.0739,0.5800,0.0539
42.80,-1.3800,0.4424,0.0435,-1.8452,0.1019,0.3807,-1.4111,0.3993,0.0736,0.5765,0.0532
42.90,-1.3550,0.4435,0.0434,-1.8220,0.1112,0.3806,-1.3865,0.4011,0.0735,0.5732,0.0528
43.00,-1.3301,0.4446,0.0433,-1.7988,0.1205,0.3805,-1.3615,0.4030,0.0734,0.5699,0.0522
43.10,-1.3051,0.4457,0.0432,-1.7756,0.1298,0.3804,-1.3366,0.4048,0.0733,0.5667,0.0516
43.20,-1.2801,0.4468,0.0431,-1.7524,0.1391,0.3803,-1.3366,0.4048,0.0733,0.5637,0.0704
43.30,-1.2551,0.4478,0.0431,-1.7292,0.1483,0.3803,-1.3117,0.4066,0.0732,0.5607,0.0700
43.40,-1.2302,0.4489,0.0430,-1.7060,0.1576,0.3802,-1.2867,0.4085,0.0732,0.5579,0.0695
43.50,-1.2052,0.4500,0.0430,-1.6827,0.1669,0.3802,-1.2618,0.4103,0.0731,0.5552,0.0691
43.60,-1.1802,0.4511,0.0429,-1.6595,0.1762,0.3802,-1.2368,0.4121,0.0730,0.5525,0.0687
43.70,-1.1552,0.4521,0.0429,-1.6363,0.1855,0.3801,-1.2119,0.4139,0.0730,0.5501,0.0684
43.80,-1.1303,0.4532,0.0429,-1.6131,0.1947,0.3801,-1.1870,0.4157,0.0730,0.5477,0.0680
43.90,-1.1053,0.4543,0.0429,-1.5899,0.2040,0.3801,-1.1620,0.4176,0.0730,0.5454,0.0676
44.00,-1.0803,0.4554,0.0429,-1.5667,0.2133,0.3801,-1.1371,0.4194,0.0730,0.5433,0.0672
44.10,-1.0553,0.4564,0.0429,-1.5434,0.2226,0.3801,-1.1122,0.4212,0.0730,0.5413,0.0669
44.20,-1.0303,0.4575,0.0429,-1.5202,0.2318,0.3801,-1.0872,0.4230,0.0730,0.5394,0.0665
44.30,-1.0054,0.4586,0.0429,-1.4970,0.2411,0.3801,-1.0648,0.4247,0.0729,0.5376,0.0684
44.40,-0.9804,0.4596,0.0429,-1.4738,0.2504,0.3801,-1.0374,0.4267,0.0729,0.5359,0.0658
44.50,-0.9554,0.4607,0.0429,-1.4506,0.2597,0.3801,-1.0117,0.4286,0.0729,0.5344,0.0648
44.60,-0.9304,0.4618,0.0429,-1.4274,0.2689,0.3801,-0.9875,0.4303,0.0729,0.5330,0.0652
44.70,-0.9055,0.4629,0.0428,-1.4041,0.2782,0.3801,-0.9626,0.4321,0.0729,0.5318,0.0648
44.80,-0.8805,0.4639,0.0428,-1.3809,0.2875,0.3801,-0.9376,0.4340,0.0729,0.5306,0.0645
44.90,-0.8555,0.4650,0.0428,-1.3577,0.2968,0.3801,-0.9117,0.4359,0.0729,0.5296,0.0633
45.00,-0.8305,0.4661,0.0428,-1.3345,0.3060,0.3801,-0.8878,0.4376,0.0729,0.5288,0.0639
45.10,-0.8056,0.4671,0.0428,-1.3113,0.3153,0.3801,-0.8628,0.4394,0.0729,0.5280,0.0636
45.20,-0.7806,0.4682,0.0428,-1.2881,0.3246,0.3801,-0.8379,0.4413,0.0729,0.5274,0.0633
45.30,-0.7556,0.4693,0.0428,-1.2648,0.3339,0.3801,-0.8130,0.4431,0.0729,0.5269,0.0631
45.40,-0.7306,0.4704,0.0428,-1.2416,0.3431,0.3801,-0.7631,0.4467,0.0729,0.5266,0.0402
45.50,-0.7057,0.4714,0.0428,-1.2184,0.3524,0.3801,-0.7631,0.4467,0.0729,0.5264,0.0625
45.60,-0.6807,0.4725,0.0428,-1.1952,0.3617,0.3801,-0.7382,0.4485,0.0729,0.5263,0.0623
45.70,-0.6557,0.4736,0.0428,-1.1720,0.3710,0.3801,-0.7132,0.4504,0.0729,0.5264,0.0620
45.80,-0.6307,0.4746,0.0428,-1.1488,0.3803,0.3801,-0.6633,0.4540,0.0729,0.5266,0.0386
45.90,-0.6057,0.4757,0.0428,-1.1255,0.3895,0.3801,-0.6633,0.4540,0.0729,0.5269,0.0616
46.00,-0.5808,0.4768,0.0428,-1.1023,0.3988,0.3801,-0.6135,0.4577,0.0730,0.5273,0.0379
46.10,-0.5558,0.4778,0.0428,-1.0791,0.4081,0.3801,-0.6135,0.4577,0.0730,0.5280,0.0611
46.20,-0.5308,0.4789,0.0428,-1.0559,0.4174,0.3802,-0.5636,0.4613,0.0729,0.5287,0.0372
46.30,-0.5058,0.4800,0.0428,-1.0327,0.4266,0.3802,-0.5387,0.4631,0.0729,0.5295,0.0369
46.40,-0.4809,0.4811,0.0428,-1.0095,0.4359,0.3802,-0.5387,0.4631,0.0729,0.5305,0.0605
46.50,-0.4559,0.4821,0.0429,-0.9862,0.4452,0.3802,-0.5137,0.4649,0.0729,0.5316,0.0603
46.60,-0.4309,0.4832,0.0429,-0.9630,0.4545,0.3802,-0.4639,0.4686,0.0728,0.5329,0.0360
46.70,-0.4059,0.4843,0.0429,-0.9398,0.4637,0.3802,-0.4639,0.4686,0.0728,0.5343,0.0600
46.80,-0.3810,0.4853,0.0429,-0.9166,0.4730,0.3802,-0.4389,0.4704,0.0728,0.5358,0.0598
46.90,-0.3560,0.4864,0.0429,-0.8934,0.4823,0.3802,-0.4140,0.4722,0.0728,0.5374,0.0597
47.00,-0.3310,0.4875,0.0429,-0.8702,0.4916,0.3802,-0.3891,0.4740,0.0728,0.5392,0.0596
47.10,-0.3071,0.4885,0.0429,-0.8480,0.5004,0.3802,-0.3641,0.4759,0.0728,0.5411,0.0584
47.20,-0.2852,0.4894,0.0429,-0.8278,0.5085,0.3802,-0.3403,0.4776,0.0728,0.5430,0.0564
47.30,-0.2648,0.4903,0.0429,-0.8090,0.5160,0.3802,-0.3185,0.4792,0.0728,0.5448,0.0548
47.40,-0.2463,0.4911,0.0429,-0.7919,0.5228,0.3802,-0.2982,0.4807,0.0728,0.5466,0.0529
47.50,-0.2293,0.4918,0.0429,-0.7762,0.5291,0.3802,-0.2798,0.4820,0.0728,0.5482,0.0514
47.60,-0.2134,0.4925,0.0429,-0.7616,0.5350,0.3802,-0.2623,0.4833,0.0728,0.5498,0.0498
47.70,-0.1991,0.4931,0.0429,-0.7483,0.5403,0.3802,-0.2470,0.4844,0.0728,0.5513,0.0487
47.80,-0.1859,0.4937,0.0429,-0.7362,0.5451,0.3802,-0.2196,0.4864,0.0728,0.5526,0.0344
47.90,-0.1737,0.4942,0.0429,-0.7249,0.5496,0.3802,-0.2196,0.4864,0.0728,0.5540,0.0465
48.00,-0.1626,0.4947,0.0429,-0.7136,0.5541,0.3802,-0.1964,0.4881,0.0728,0.5542,0.0344
48.10,-0.1525,0.4951,0.0429,-0.7062,0.5571,0.3802,-0.1863,0.4888,0.0728,0.5572,0.0344
48.20,-0.1471,0.4953,-0.0114,-0.7025,0.5586,0.3102,-0.1863,0.4888,0.0728,0.5590,0.0397
48.30,-0.1473,0.4955,-0.1071,-0.7025,0.5586,0.2102,-0.1827,0.4891,0.0156,0.5588,0.0360
48.40,-0.1484,0.4956,-0.2137,-0.7025,0.5586,0.1103,-0.1827,0.4891,-0.0795,0.5577,0.0349
48.50,-0.1497,0.4959,-0.3281,-0.7025,0.5586,0.0103,-0.1827,0.4891,-0.2977,0.5564,0.0337
48.60,-0.1510,0.4964,-0.4427,-0.7025,0.5586,-0.0896,-0.1827,0.4891,-0.4118,0.5551,0.0326
48.70,-0.1517,0.4967,-0.5528,-0.7025,0.5586,-0.1896,-0.1827,0.4891,-0.4118,0.5542,0.0319
48.80,-0.1523,0.4971,-0.6597,-0.7025,0.5586,-0.2895,-0.1827,0.4891,-0.5231,0.5536,0.0314
48.90,-0.1523,0.4971,-0.7597,-0.7025,0.5586,-0.3895,-0.1827,0.4892,-0.7260,0.5536,0.0314
49.00,-0.1523,0.4971,-0.8597,-0.7025,0.5586,-0.4895,-0.1827,0.4892,-0.7260,0.5536,0.0314
49.10,-0.1523,0.4971,-0.9573,-0.7025,0.5586,-0.5868,-0.1827,0.4892,-0.8260,0.5536,0.0314
49.20,-0.1460,0.4876,-1.0487,-0.6876,0.5475,-0.6678,-0.1723,0.4749,-1.0156,0.5450,0.0292
49.30,-0.1354,0.4674,-1.1240,-0.6695,0.5322,-0.7315,-0.1723,0.4749,-1.0156,0.5380,0.0376
49.40,-0.1259,0.4460,-1.1818,-0.6536,0.5173,-0.7758,-0.1498,0.4323,-1.1461,0.5325,0.0275
49.50,-0.1172,0.4232,-1.2230,-0.6348,0.4980,-0.8196,-0.1498,0.4323,-1.1461,0.5230,0.0338
49.60,-0.1092,0.3999,-1.2559,-0.6166,0.4778,-0.8554,-0.1404,0.4105,-1.1846,0.5134,0.0329
49.70,-0.1020,0.3765,-1.2874,-0.6022,0.4608,-0.8803,-0.1315,0.3875,-1.2175,0.5073,0.0314
49.80,-0.0954,0.3527,-1.3121,-0.5866,0.4415,-0.9032,-0.1240,0.3664,-1.2454,0.4992,0.0318
49.90,-0.0893,0.3287,-1.3331,-0.5714,0.4218,-0.9227,-0.1157,0.3404,-1.2736,0.4910,0.0289
50.00,-0.0837,0.3046,-1.3508,-0.5566,0.4018,-0.9391,-0.1093,0.3190,-1.2923,0.4828,0.0294
50.10,-0.0785,0.2805,-1.3651,-0.5422,0.3818,-0.9529,-0.1020,0.2923,-1.3121,0.4746,0.0263
50.20,-0.0740,0.2580,-1.3780,-0.5290,0.3631,-0.9647,-0.0904,0.2459,-1.3392,0.4671,0.0205
50.30,-0.0700,0.2371,-1.3888,-0.5171,0.3457,-0.9751,-0.0904,0.2459,-1.3392,0.4601,0.0222
50.40,-0.0666,0.2180,-1.3978,-0.5063,0.3296,-0.9839,-0.0858,0.2256,-1.3496,0.4537,0.0207
50.50,-0.0635,0.2002,-1.4058,-0.4965,0.3147,-0.9917,-0.0816,0.2066,-1.3585,0.4478,0.0192
50.60,-0.0609,0.1841,-1.4126,-0.4876,0.3010,-0.9984,-0.0779,0.1890,-1.3665,0.4424,0.0177
50.70,-0.0586,0.1691,-1.4187,-0.4795,0.2883,-1.0042,-0.0747,0.1729,-1.3735,0.4375,0.0166
50.80,-0.0565,0.1554,-1.4239,-0.4721,0.2767,-1.0093,-0.0718,0.1580,-1.3795,0.4330,0.0155
50.90,-0.0547,0.1428,-1.4283,-0.4654,0.2660,-1.0136,-0.0692,0.1445,-1.3846,0.4288,0.0146
51.00,-0.0530,0.1312,-1.4322,-0.4593,0.2561,-1.0174,-0.0669,0.1320,-1.3889,0.4250,0.0139
51.10,-0.0516,0.1206,-1.4356,-0.4537,0.2471,-1.0208,-0.0629,0.1100,-1.3961,0.4216,0.0156
51.20,-0.0502,0.1108,-1.4385,-0.4486,0.2387,-1.0237,-0.0612,0.1000,-1.3992,0.4184,0.0154
51.30,-0.0497,0.1065,-1.3748,-0.4476,0.2370,-0.9443,-0.0612,0.1000,-1.3992,0.4188,0.0132
51.40,-0.0500,0.1067,-1.2791,-0.4476,0.2370,-0.8443,-0.0609,0.0979,-1.3299,0.4184,0.0141
51.50,-0.0499,0.1065,-1.1719,-0.4476,0.2370,-0.7443,-0.0609,0.0979,-1.2333,0.4185,0.0140
51.60,-0.0493,0.1053,-1.0567,-0.4476,0.2371,-0.6444,-0.0609,0.0979,-1.1267,0.4195,0.0137
51.70,-0.0486,0.1041,-0.9416,-0.4476,0.2371,-0.5444,-0.0609,0.0979,-1.0124,0.4206,0.0138
51.80,-0.0479,0.1032,-0.8302,-0.4476,0.2371,-0.4445,-0.0609,0.0979,-0.8946,0.4215,0.0140
51.90,-0.0479,0.1032,-0.7302,-0.4476,0.2371,-0.3445,-0.0609,0.0979,-0.7865,0.4215,0.0141
52.00,-0.0479,0.1032,-0.6302,-0.4476,0.2371,-0.2445,-0.0610,0.0979,-0.6864,0.4215,0.0141
52.10,-0.0479,0.1032,-0.5302,-0.4476,0.2371,-0.1445,-0.0610,0.0979,-0.5865,0.4215,0.0141
52.20,-0.0479,0.1032,-0.4418,-0.4476,0.2371,-0.0573,-0.0610,0.0979,-0.4865,0.4215,0.0141
52.30,-0.0351,0.0973,-0.3669,-0.4264,0.2367,0.0126,-0.0610,0.0979,-0.3989,0.4153,0.0258
52.40,-0.0125,0.0893,-0.3103,-0.4024,0.2377,0.0680,-0.0423,0.0905,-0.3206,0.4171,0.0298
52.50,0.0108,0.0824,-0.2645,-0.3781,0.2399,0.1129,-0.0198,0.0837,-0.2656,0.4196,0.0306
52.60,0.0347,0.0765,-0.2265,-0.3537,0.2431,0.1503,0.0279,0.0729,-0.1825,0.4226,0.0076
52.70,0.0588,0.0713,-0.1964,-0.3294,0.2472,0.1799,0.0279,0.0729,-0.1825,0.4262,0.0309
52.80,0.0833,0.0668,-0.1710,-0.3050,0.2519,0.2041,0.0523,0.0688,-0.1523,0.4302,0.0310
52.90,0.1079,0.0628,-0.1507,-0.2807,0.2572,0.2236,0.0769,0.0653,-0.1268,0.4345,0.0311
53.00,0.1326,0.0593,-0.1338,-0.2564,0.2629,0.2399,0.1016,0.0624,-0.1062,0.4391,0.0311
53.10,0.1573,0.0561,-0.1202,-0.2322,0.2690,0.2531,0.1264,0.0600,-0.0896,0.4439,0.0312
53.20,0.1821,0.0533,-0.1091,-0.2081,0.2754,0.2635,0.1513,0.0579,-0.0757,0.4490,0.0312
53.30,0.2070,0.0507,-0.1001,-0.1840,0.2820,0.2720,0.2011,0.0547,-0.0561,0.4543,0.0071
53.40,0.2319,0.0483,-0.0928,-0.1600,0.2888,0.2791,0.2011,0.0547,-0.0561,0.4598,0.0314
53.50,0.2568,0.0460,-0.0870,-0.1336,0.2965,0.2853,0.2510,0.0522,-0.0428,0.4638,0.0085
53.60,0.2817,0.0439,-0.0822,-0.1120,0.3028,0.2894,0.2510,0.0522,-0.0428,0.4712,0.0318
53.70,0.3066,0.0419,-0.0783,-0.0881,0.3100,0.2932,0.2760,0.0512,-0.0381,0.4771,0.0320
53.80,0.3315,0.0400,-0.0751,-0.0641,0.3173,0.2963,0.3260,0.0495,-0.0309,0.4832,0.0110
53.90,0.3565,0.0381,-0.0724,-0.0402,0.3246,0.2988,0.3260,0.0495,-0.0309,0.4893,0.0325
54.00,0.3814,0.0364,-0.0702,-0.0164,0.3320,0.3009,0.3510,0.0488,-0.0283,0.4956,0.0328
54.10,0.4063,0.0346,-0.0684,0.0075,0.3394,0.3027,0.3760,0.0481,-0.0261,0.5020,0.0332
54.20,0.4313,0.0330,-0.0669,0.0314,0.3469,0.3041,0.4010,0.0475,-0.0242,0.5084,0.0336
54.30,0.4562,0.0313,-0.0657,0.0552,0.3544,0.3053,0.4260,0.0469,-0.0228,0.5150,0.0340
54.40,0.4812,0.0297,-0.0647,0.0791,0.3619,0.3063,0.4760,0.0458,-0.0205,0.5216,0.0170
54.50,0.5061,0.0281,-0.0638,0.1029,0.3695,0.3071,0.4760,0.0458,-0.0205,0.5284,0.0350
54.60,0.5311,0.0265,-0.0631,0.1267,0.3770,0.3078,0.5010,0.0453,-0.0197,0.5352,0.0355
54.70,0.5560,0.0249,-0.0625,0.1505,0.3846,0.3083,0.5260,0.0448,-0.0190,0.5420,0.0361
54.80,0.5810,0.0234,-0.0620,0.1744,0.3922,0.3088,0.5509,0.0444,-0.0184,0.5490,0.0366
54.90,0.6059,0.0218,-0.0616,0.1982,0.3998,0.3092,0.5759,0.0439,-0.0180,0.5560,0.0372
55.00,0.6309,0.0203,-0.0612,0.2220,0.4074,0.3096,0.6009,0.0435,-0.0175,0.5631,0.0379
55.10,0.6558,0.0188,-0.0609,0.2458,0.4151,0.3099,0.6259,0.0430,-0.0172,0.5702,0.0385
55.20,0.6805,0.0172,-0.0606,0.2693,0.4226,0.3101,0.6509,0.0426,-0.0169,0.5774,0.0390
55.30,0.7037,0.0158,-0.0604,0.2913,0.4296,0.3104,0.6757,0.0422,-0.0166,0.5842,0.0385
55.40,0.7251,0.0146,-0.0602,0.3114,0.4361,0.3106,0.6988,0.0418,-0.0164,0.5906,0.0378
55.50,0.7443,0.0134,-0.0600,0.3297,0.4420,0.3107,0.7201,0.0415,-0.0162,0.5963,0.0371
55.60,0.7621,0.0123,-0.0599,0.3466,0.4474,0.3109,0.7394,0.0412,-0.0160,0.6016,0.0367
55.70,0.7784,0.0114,-0.0598,0.3621,0.4524,0.3110,0.7572,0.0409,-0.0159,0.6065,0.0364
55.80,0.7934,0.0105,-0.0597,0.3763,0.4569,0.3111,0.7735,0.0407,-0.0157,0.6110,0.0362
55.90,0.8072,0.0096,-0.0595,0.3893,0.4611,0.3112,0.7889,0.0404,-0.0157,0.6152,0.0358
56.00,0.8198,0.0089,-0.0594,0.4013,0.4650,0.3113,0.8149,0.0400,-0.0155,0.6190,0.0315
56.10,0.8315,0.0082,-0.0593,0.4124,0.4685,0.3113,0.8149,0.0400,-0.0155,0.6226,0.0359
56.20,0.8423,0.0075,-0.0593,0.4226,0.4718,0.3114,0.8266,0.0398,-0.0154,0.6258,0.0359
56.30,0.8522,0.0070,-0.0592,0.4320,0.4748,0.3114,0.8472,0.0395,-0.0153,0.6289,0.0330
56.40,0.8567,0.0068,-0.1219,0.4338,0.4754,0.2314,0.8472,0.0395,-0.0153,0.6312,0.0341
56.50,0.8563,0.0070,-0.2189,0.4338,0.4754,0.1314,0.8497,0.0395,-0.1741,0.6308,0.0332
56.60,0.8550,0.0073,-0.3286,0.4338,0.4754,0.0315,0.8497,0.0395,-0.2844,0.6297,0.0326
56.70,0.8544,0.0075,-0.4343,0.4338,0.4754,-0.0685,0.8497,0.0395,-0.2844,0.6292,0.0324
56.80,0.8544,0.0075,-0.5343,0.4338,0.4754,-0.1685,0.8497,0.0395,-0.3887,0.6292,0.0324
56.90,0.8544,0.0075,-0.6343,0.4338,0.4754,-0.2685,0.8498,0.0396,-0.5887,0.6292,0.0324
57.00,0.8544,0.0075,-0.7343,0.4338,0.4754,-0.3685,0.8498,0.0396,-0.5887,0.6292,0.0324
57.10,0.8544,0.0075,-0.8343,0.4338,0.4754,-0.4685,0.8498,0.0396,-0.6887,0.6292,0.0324
57.20,0.8544,0.0075,-0.9343,0.4338,0.4754,-0.5685,0.8498,0.0396,-0.8887,0.6292,0.0325
57.30,0.8544,0.0075,-1.0343,0.4338,0.4754,-0.6685,0.8498,0.0396,-0.8887,0.6292,0.0325
57.40,0.8544,0.0075,-1.1324,0.4338,0.4754,-0.7664,0.8498,0.0396,-0.9888,0.6292,0.0325
57.50,0.8599,-0.0048,-1.2239,0.4482,0.4603,-0.8462,0.8498,0.0396,-1.0868,0.6212,0.0455
57.60,0.8668,-0.0265,-1.2976,0.4634,0.4420,-0.9079,0.8668,0.0002,-1.2491,0.6183,0.0267
57.70,0.8725,-0.0492,-1.3554,0.4778,0.4225,-0.9565,0.8668,0.0002,-1.2491,0.6151,0.0498
57.80,0.8771,-0.0731,-1.3956,0.4916,0.4022,-0.9922,0.8738,-0.0230,-1.3064,0.6119,0.0502
57.90,0.8811,-0.0975,-1.4240,0.5049,0.3812,-1.0198,0.8849,-0.0710,-1.3735,0.6089,0.0267
58.00,0.8844,-0.1220,-1.4476,0.5176,0.3599,-1.0424,0.8849,-0.0710,-1.3735,0.6057,0.0510
58.10,0.8872,-0.1465,-1.4681,0.5300,0.3383,-1.0599,0.8895,-0.0954,-1.3966,0.6022,0.0511
58.20,0.8895,-0.1713,-1.4823,0.5420,0.3165,-1.0737,0.8936,-0.1200,-1.4170,0.5989,0.0515
58.30,0.8916,-0.1962,-1.4933,0.5538,0.2945,-1.0844,0.9005,-0.1695,-1.4423,0.5957,0.0282
58.40,0.8934,-0.2211,-1.5020,0.5654,0.2723,-1.0928,0.9005,-0.1695,-1.4423,0.5925,0.0521
58.50,0.8950,-0.2460,-1.5091,0.5768,0.2501,-1.0996,0.9036,-0.1943,-1.4510,0.5894,0.0525
58.60,0.8965,-0.2710,-1.5147,0.5881,0.2278,-1.1051,0.9065,-0.2191,-1.4579,0.5864,0.0529
58.70,0.8979,-0.2959,-1.5192,0.5992,0.2054,-1.1095,0.9119,-0.2688,-1.4681,0.5836,0.0306
58.80,0.8991,-0.3209,-1.5229,0.6103,0.1830,-1.1131,0.9119,-0.2688,-1.4681,0.5808,0.0537
58.90,0.9003,-0.3459,-1.5259,0.6213,0.1606,-1.1159,0.9168,-0.3185,-1.4747,0.5782,0.0319
59.00,0.9013,-0.3708,-1.5282,0.6323,0.1381,-1.1182,0.9192,-0.3434,-1.4770,0.5757,0.0327
59.10,0.9024,-0.3958,-1.5301,0.6432,0.1156,-1.1200,0.9192,-0.3434,-1.4770,0.5733,0.0550
59.20,0.9034,-0.4208,-1.5315,0.6541,0.0931,-1.1213,0.9215,-0.3683,-1.4788,0.5712,0.0555
59.30,0.9044,-0.4458,-1.5326,0.6649,0.0706,-1.1224,0.9260,-0.4181,-1.4814,0.5692,0.0351
59.40,0.9053,-0.4707,-1.5336,0.6758,0.0481,-1.1234,0.9260,-0.4181,-1.4814,0.5673,0.0566
59.50,0.9062,-0.4957,-1.5343,0.6866,0.0255,-1.1241,0.9282,-0.4430,-1.4823,0.5656,0.0571
59.60,0.9071,-0.5207,-1.5349,0.6974,0.0030,-1.1246,0.9304,-0.4679,-1.4831,0.5641,0.0577
59.70,0.9080,-0.5457,-1.5354,0.7081,-0.0196,-1.1251,0.9326,-0.4928,-1.4836,0.5628,0.0583
59.80,0.9089,-0.5707,-1.5357,0.7200,-0.0444,-1.1255,0.9348,-0.5178,-1.4841,0.5591,0.0589
59.90,0.9098,-0.5956,-1.5360,0.7297,-0.0647,-1.1257,0.9370,-0.5427,-1.4845,0.5606,0.0596
60.00,0.9106,-0.6206,-1.5363,0.7405,-0.0873,-1.1259,0.9391,-0.5676,-1.4848,0.5598,0.0602
60.10,0.9115,-0.6456,-1.5365,0.7512,-0.1099,-1.1261,0.9412,-0.5925,-1.4850,0.5592,0.0609
60.20,0.9123,-0.6706,-1.5366,0.7620,-0.1324,-1.1263,0.9434,-0.6174,-1.4852,0.5588,0.0616
60.30,0.9132,-0.6956,-1.5368,0.7727,-0.1550,-1.1264,0.9476,-0.6672,-1.4855,0.5585,0.0446
60.40,0.9140,-0.7206,-1.5369,0.7835,-0.1776,-1.1265,0.9497,-0.6914,-1.4856,0.5585,0.0461
60.50,0.9149,-0.7456,-1.5369,0.7942,-0.2001,-1.1265,0.9497,-0.6914,-1.4856,0.5586,0.0644
60.60,0.9157,-0.7705,-1.5370,0.8050,-0.2227,-1.1266,0.9519,-0.7170,-1.4857,0.5589,0.0646
60.70,0.9166,-0.7955,-1.5370,0.8157,-0.2453,-1.1266,0.9540,-0.7419,-1.4858,0.5594,0.0654
60.80,0.9174,-0.8205,-1.5371,0.8264,-0.2679,-1.1267,0.9561,-0.7669,-1.4858,0.5601,0.0662
60.90,0.9183,-0.8455,-1.5371,0.8372,-0.2904,-1.1267,0.9604,-0.8169,-1.4859,0.5609,0.0509
61.00,0.9191,-0.8705,-1.5371,0.8479,-0.3130,-1.1267,0.9604,-0.8169,-1.4859,0.5620,0.0676
61.10,0.9199,-0.8955,-1.5372,0.8587,-0.3356,-1.1267,0.9626,-0.8423,-1.4859,0.5632,0.0681
61.20,0.9208,-0.9205,-1.5372,0.8694,-0.3582,-1.1267,0.9646,-0.8665,-1.4859,0.5646,0.0695
61.30,0.9216,-0.9454,-1.5372,0.8801,-0.3808,-1.1268,0.9667,-0.8914,-1.4859,0.5662,0.0704
61.40,0.9225,-0.9704,-1.5372,0.8909,-0.4033,-1.1268,0.9689,-0.9163,-1.4859,0.5680,0.0713
61.50,0.9233,-0.9954,-1.5372,0.9016,-0.4259,-1.1268,0.9731,-0.9662,-1.4859,0.5699,0.0578
61.60,0.9241,-1.0204,-1.5372,0.9124,-0.4485,-1.1268,0.9752,-0.9911,-1.4859,0.5720,0.0589
61.70,0.9250,-1.0454,-1.5372,0.9231,-0.4711,-1.1268,0.9752,-0.9911,-1.4859,0.5743,0.0740
61.80,0.9258,-1.0704,-1.5372,0.9338,-0.4936,-1.1268,0.9795,-1.0409,-1.4859,0.5768,0.0612
61.90,0.9267,-1.0954,-1.5372,0.9446,-0.5162,-1.1268,0.9795,-1.0409,-1.4859,0.5794,0.0759
62.00,0.9275,-1.1204,-1.5372,0.9553,-0.5388,-1.1268,0.9816,-1.0658,-1.4860,0.5822,0.0768
62.10,0.9283,-1.1453,-1.5372,0.9661,-0.5614,-1.1268,0.9858,-1.1156,-1.4859,0.5852,0.0647
62.20,0.9292,-1.1703,-1.5372,0.9768,-0.5839,-1.1268,0.9880,-1.1410,-1.4859,0.5883,0.0657
62.30,0.9300,-1.1953,-1.5372,0.9875,-0.6065,-1.1267,0.9880,-1.1410,-1.4859,0.5916,0.0794
62.40,0.9308,-1.2203,-1.5372,0.9983,-0.6291,-1.1267,0.9901,-1.1659,-1.4859,0.5950,0.0804
62.50,0.9317,-1.2453,-1.5372,1.0090,-0.6517,-1.1267,0.9922,-1.1908,-1.4859,0.5986,0.0814
62.60,0.9325,-1.2703,-1.5372,1.0198,-0.6742,-1.1267,0.9943,-1.2158,-1.4859,0.6024,0.0824
62.70,0.9334,-1.2952,-1.5372,1.0305,-0.6968,-1.1267,0.9965,-1.2409,-1.4859,0.6062,0.0833
62.80,0.9342,-1.3202,-1.5372,1.0412,-0.7194,-1.1267,0.9983,-1.2626,-1.4859,0.6103,0.0862
62.90,0.9350,-1.3452,-1.5372,1.0520,-0.7420,-1.1267,1.0007,-1.2900,-1.4859,0.6145,0.0858
63.00,0.9359,-1.3702,-1.5372,1.0627,-0.7646,-1.1267,1.0028,-1.3149,-1.4859,0.6188,0.0868
63.10,0.9367,-1.3952,-1.5372,1.0735,-0.7871,-1.1267,1.0049,-1.3398,-1.4859,0.6232,0.0878
63.20,0.9376,-1.4201,-1.5372,1.0842,-0.8097,-1.1267,1.0070,-1.3647,-1.4859,0.6278,0.0889
63.30,0.9384,-1.4451,-1.5372,1.0950,-0.8323,-1.1267,1.0113,-1.4146,-1.4859,0.6325,0.0790
63.40,0.9392,-1.4701,-1.5372,1.1057,-0.8549,-1.1267,1.0134,-1.4395,-1.4859,0.6374,0.0802
63.50,0.9401,-1.4951,-1.5372,1.1164,-0.8774,-1.1267,1.0134,-1.4395,-1.4859,0.6424,0.0920
63.60,0.9409,-1.5201,-1.5372,1.1272,-0.9000,-1.1267,1.0155,-1.4644,-1.4859,0.6475,0.0931
63.70,0.9418,-1.5451,-1.5372,1.1379,-0.9226,-1.1267,1.0176,-1.4893,-1.4859,0.6527,0.0942
63.80,0.9426,-1.5701,-1.5372,1.1487,-0.9452,-1.1267,1.0197,-1.5142,-1.4859,0.6580,0.0952
63.90,0.9434,-1.5950,-1.5372,1.1594,-0.9677,-1.1267,1.0219,-1.5391,-1.4859,0.6634,0.0963
64.00,0.9443,-1.6200,-1.5372,1.1701,-0.9903,-1.1267,1.0240,-1.5640,-1.4859,0.6690,0.0974
64.10,0.9451,-1.6450,-1.5372,1.1809,-1.0129,-1.1267,1.0261,-1.5889,-1.4859,0.6747,0.0985
64.20,0.9460,-1.6700,-1.5372,1.1916,-1.0355,-1.1267,1.0282,-1.6138,-1.4859,0.6804,0.0996
64.30,0.9468,-1.6950,-1.5372,1.2024,-1.0580,-1.1267,1.0303,-1.6388,-1.4859,0.6863,0.1007
64.40,0.9476,-1.7200,-1.5372,1.2131,-1.0806,-1.1267,1.0325,-1.6637,-1.4859,0.6923,0.1018
64.50,0.9485,-1.7450,-1.5372,1.2238,-1.1032,-1.1267,1.0346,-1.6886,-1.4859,0.6984,0.1029
64.60,0.9493,-1.7699,-1.5372,1.2346,-1.1258,-1.1267,1.0367,-1.7135,-1.4859,0.7045,0.1040
64.70,0.9501,-1.7949,-1.5372,1.2453,-1.1483,-1.1267,1.0388,-1.7384,-1.4859,0.7108,0.1051
64.80,0.9510,-1.8199,-1.5372,1.2561,-1.1709,-1.1267,1.0430,-1.7882,-1.4859,0.7171,0.0974
64.90,0.9518,-1.8449,-1.5372,1.2668,-1.1935,-1.1267,1.0452,-1.8131,-1.4859,0.7235,0.0986
65.00,0.9527,-1.8699,-1.5372,1.2776,-1.2161,-1.1267,1.0473,-1.8380,-1.4859,0.7301,0.0998
65.10,0.9535,-1.8948,-1.5372,1.2883,-1.2386,-1.1267,1.0473,-1.8380,-1.4859,0.7367,0.1096
65.20,0.9543,-1.9193,-1.5372,1.2999,-1.2629,-1.1267,1.0515,-1.8873,-1.4859,0.7418,0.1023
65.30,0.9551,-1.9421,-1.5373,1.3085,-1.2811,-1.1267,1.0534,-1.9099,-1.4859,0.7496,0.1034
65.40,0.9558,-1.9630,-1.5372,1.3175,-1.2999,-1.1266,1.0534,-1.9099,-1.4859,0.7553,0.1111
65.50,0.9564,-1.9823,-1.5372,1.3257,-1.3172,-1.1266,1.0552,-1.9308,-1.4859,0.7607,0.1113
65.60,0.9570,-2.0001,-1.5372,1.3333,-1.3332,-1.1266,1.0568,-1.9499,-1.4859,0.7657,0.1117
65.70,0.9576,-2.0164,-1.5372,1.3403,-1.3478,-1.1266,1.0583,-1.9677,-1.4859,0.7704,0.1119
65.80,0.9581,-2.0313,-1.5371,1.3466,-1.3612,-1.1266,1.0597,-1.9839,-1.4859,0.7746,0.1121
65.90,0.9585,-2.0450,-1.5371,1.3525,-1.3735,-1.1266,1.0610,-1.9987,-1.4859,0.7786,0.1124
66.00,0.9590,-2.0576,-1.5371,1.3578,-1.3847,-1.1266,1.0621,-2.0123,-1.4859,0.7822,0.1126
66.10,0.9594,-2.0692,-1.5371,1.3628,-1.3952,-1.1266,1.0632,-2.0248,-1.4858,0.7855,0.1129
66.20,0.9597,-2.0798,-1.5371,1.3673,-1.4047,-1.1266,1.0651,-2.0469,-1.4858,0.7886,0.1104
66.30,0.9600,-2.0848,-1.5966,1.3682,-1.4066,-1.2065,1.0651,-2.0469,-1.4858,0.7916,0.1117
66.40,0.9600,-2.0841,-1.6957,1.3682,-1.4066,-1.3065,1.0653,-2.0494,-1.5444,0.7910,0.1108
66.50,0.9603,-2.0827,-1.8073,1.3682,-1.4066,-1.4065,1.0653,-2.0494,-1.7554,0.7897,0.1102
66.60,0.9607,-2.0814,-1.9226,1.3682,-1.4066,-1.5064,1.0653,-2.0494,-1.8694,0.7883,0.1094
66.70,0.9612,-2.0800,-2.0380,1.3682,-1.4066,-1.6064,1.0653,-2.0494,-1.8694,0.7869,0.1085
66.80,0.9618,-2.0790,-2.1508,1.3682,-1.4066,-1.7063,1.0653,-2.0494,-1.9825,0.7857,0.1077
66.90,0.9620,-2.0786,-2.2560,1.3682,-1.4066,-1.8163,1.0653,-2.0494,-2.0940,0.7852,0.1073
67.00,0.9620,-2.0786,-2.3560,1.3682,-1.4066,-1.9063,1.0653,-2.0494,-2.2005,0.7852,0.1073
67.10,0.9620,-2.0786,-2.4560,1.3682,-1.4066,-2.0063,1.0654,-2.0494,-2.4005,0.7852,0.1074
67.20,0.9620,-2.0786,-2.5560,1.3682,-1.4066,-2.1063,1.0654,-2.0494,-2.4005,0.7852,0.1074
67.30,0.9620,-2.0786,-2.6560,1.3682,-1.4066,-2.2063,1.0654,-2.0494,-2.5005,0.7852,0.1074
67.40,0.9620,-2.0786,-2.7470,1.3682,-1.4066,-2.2875,1.0654,-2.0494,-2.6005,0.7852,0.1074
67.50,0.9516,-2.0828,-2.8304,1.3551,-1.4200,-2.3708,1.0654,-2.0494,-2.6905,0.7760,0.1186
67.60,0.9290,-2.0892,-2.8941,1.3374,-1.4362,-2.4285,1.0522,-2.0559,-2.7636,0.7702,0.1276
67.70,0.9053,-2.0946,-2.9396,1.3186,-1.4517,-2.4729,1.0275,-2.0647,-2.8330,0.7643,0.1258
67.80,0.8811,-2.0991,-2.9744,1.2990,-1.4666,-2.5070,1.0041,-2.0716,-2.8776,0.7581,0.1261
67.90,0.8566,-2.1029,-3.0022,1.2789,-1.4810,-2.5342,0.9802,-2.0776,-2.9127,0.7517,0.1262
68.00,0.8320,-2.1060,-3.0249,1.2583,-1.4950,-2.5564,0.9316,-2.0875,-2.9631,0.7451,0.1013
68.10,0.8073,-2.1087,-3.0433,1.2374,-1.5086,-2.5733,0.9316,-2.0875,-2.9631,0.7383,0.1261
68.20,0.7776,-2.1113,-3.0610,1.2142,-1.5232,-2.5881,0.8821,-2.0955,-2.9969,0.7325,0.1057
68.30,0.7577,-2.1129,-3.0691,1.1950,-1.5349,-2.5973,0.8821,-2.0955,-2.9969,0.7248,0.1256
68.40,0.7328,-2.1145,-3.0777,1.1736,-1.5477,-2.6056,0.8329,-2.1022,-3.0157,0.7181,0.1008
68.50,0.7078,-2.1161,-3.0846,1.1521,-1.5604,-2.6124,0.8329,-2.1022,-3.0157,0.7114,0.1258
68.60,0.6829,-2.1174,-3.0903,1.1305,-1.5730,-2.6179,0.8081,-2.1053,-3.0224,0.7048,0.1257
68.70,0.6579,-2.1186,-3.0947,1.1088,-1.5854,-2.6221,0.7832,-2.1082,-3.0281,0.6983,0.1257
68.80,0.6330,-2.1198,-3.0982,1.0871,-1.5978,-2.6255,0.7335,-2.1136,-3.0359,0.6919,0.1007
68.90,0.6080,-2.1208,-3.1011,1.0653,-1.6101,-2.6283,0.7335,-2.1136,-3.0359,0.6855,0.1257
69.00,0.5830,-2.1218,-3.1033,1.0435,-1.6223,-2.6304,0.6838,-2.1187,-3.0409,0.6794,0.1008
69.10,0.5580,-2.1227,-3.1051,1.0217,-1.6345,-2.6322,0.6838,-2.1187,-3.0409,0.6733,0.1258
69.20,0.5331,-2.1236,-3.1065,0.9999,-1.6467,-2.6335,0.6589,-2.1212,-3.0427,0.6673,0.1259
69.30,0.5081,-2.1245,-3.1076,0.9780,-1.6589,-2.6346,0.6091,-2.1261,-3.0451,0.6615,0.1011
69.40,0.4831,-2.1253,-3.1085,0.9562,-1.6710,-2.6354,0.5842,-2.1285,-3.0460,0.6559,0.1012
69.50,0.4581,-2.1261,-3.1092,0.9343,-1.6831,-2.6361,0.5593,-2.1309,-3.0467,0.6504,0.1013
69.60,0.4331,-2.1269,-3.1098,0.9124,-1.6952,-2.6367,0.5593,-2.1309,-3.0467,0.6451,0.1263
69.70,0.4081,-2.1277,-3.1102,0.8905,-1.7073,-2.6371,0.5345,-2.1332,-3.0472,0.6399,0.1264
69.80,0.3831,-2.1285,-3.1106,0.8686,-1.7194,-2.6374,0.5096,-2.1356,-3.0477,0.6349,0.1266
69.90,0.3582,-2.1293,-3.1108,0.8468,-1.7315,-2.6377,0.4847,-2.1379,-3.0480,0.6301,0.1268
70.00,0.3332,-2.1300,-3.1111,0.8249,-1.7435,-2.6379,0.4598,-2.1402,-3.0483,0.6254,0.1270
70.10,0.3082,-2.1308,-3.1112,0.8030,-1.7556,-2.6381,0.4349,-2.1426,-3.0485,0.6209,0.1272
70.20,0.2832,-2.1316,-3.1114,0.7811,-1.7677,-2.6382,0.3848,-2.1472,-3.0488,0.6167,0.1028
70.30,0.2582,-2.1323,-3.1115,0.7592,-1.7797,-2.6383,0.3848,-2.1472,-3.0488,0.6126,0.1275
70.40,0.2332,-2.1331,-3.1116,0.7373,-1.7918,-2.6384,0.3602,-2.1495,-3.0490,0.6087,0.1280
70.50,0.2082,-2.1338,-3.1116,0.7154,-1.8038,-2.6385,0.3353,-2.1518,-3.0490,0.6050,0.1283
70.60,0.1832,-2.1346,-3.1117,0.6935,-1.8159,-2.6385,0.3104,-2.1541,-3.0491,0.6016,0.1287
70.70,0.1583,-2.1353,-3.1117,0.6716,-1.8279,-2.6385,0.2606,-2.1587,-3.0491,0.5983,0.1050
70.80,0.1333,-2.1361,-3.1118,0.6497,-1.8400,-2.6386,0.2606,-2.1587,-3.0491,0.5952,0.1294
70.90,0.1083,-2.1368,-3.1118,0.6277,-1.8520,-2.6386,0.2357,-2.1611,-3.0492,0.5924,0.1297
71.00,0.0833,-2.1375,-3.1118,0.6058,-1.8641,-2.6386,0.2108,-2.1634,-3.0492,0.5898,0.1301
71.10,0.0583,-2.1383,-3.1118,0.5839,-1.8762,-2.6386,0.1857,-2.1657,-3.0492,0.5874,0.1303
71.20,0.0333,-2.1390,-3.1118,0.5620,-1.8882,-2.6386,0.1610,-2.1680,-3.0492,0.5852,0.1310
71.30,0.0083,-2.1398,-3.1119,0.5401,-1.9003,-2.6387,0.1361,-2.1703,-3.0492,0.5832,0.1314
71.40,-0.0167,-2.1405,-3.1119,0.5182,-1.9123,-2.6387,0.1113,-2.1726,-3.0492,0.5815,0.1319
71.50,-0.0416,-2.1413,-3.1119,0.4963,-1.9244,-2.6387,0.0864,-2.1749,-3.0492,0.5800,0.1323
71.60,-0.0666,-2.1420,-3.1119,0.4744,-1.9364,-2.6387,0.0607,-2.1773,-3.0492,0.5788,0.1321
71.70,-0.0916,-2.1427,-3.1119,0.4525,-1.9485,-2.6387,0.0366,-2.1795,-3.0492,0.5777,0.1333
71.80,-0.1166,-2.1435,-3.1119,0.4306,-1.9605,-2.6387,0.0117,-2.1818,-3.0492,0.5770,0.1339
71.90,-0.1416,-2.1442,-3.1119,0.4087,-1.9726,-2.6387,-0.0132,-2.1841,-3.0492,0.5764,0.1344
72.00,-0.1666,-2.1450,-3.1119,0.3868,-1.9846,-2.6387,-0.0381,-2.1864,-3.0492,0.5761,0.1350
72.10,-0.1916,-2.1457,-3.1119,0.3649,-1.9967,-2.6387,-0.0879,-2.1910,-3.0492,0.5761,0.1131
72.20,-0.2165,-2.1464,-3.1119,0.3430,-2.0087,-2.6387,-0.0879,-2.1910,-3.0492,0.5762,0.1361
72.30,-0.2415,-2.1472,-3.1119,0.3211,-2.0208,-2.6387,-0.1377,-2.1956,-3.0493,0.5766,0.1146
72.40,-0.2665,-2.1479,-3.1119,0.2992,-2.0328,-2.6387,-0.1377,-2.1956,-3.0493,0.5773,0.1374
72.50,-0.2915,-2.1487,-3.1119,0.2773,-2.0449,-2.6387,-0.1626,-2.1979,-3.0493,0.5782,0.1380
72.60,-0.3165,-2.1494,-3.1119,0.2554,-2.0569,-2.6387,-0.1875,-2.2003,-3.0493,0.5793,0.1387
72.70,-0.3415,-2.1502,-3.1119,0.2335,-2.0690,-2.6387,-0.2129,-2.2026,-3.0493,0.5806,0.1389
72.80,-0.3665,-2.1509,-3.1119,0.2115,-2.0810,-2.6387,-0.2378,-2.2049,-3.0493,0.5822,0.1396
72.90,-0.3915,-2.1516,-3.1119,0.1896,-2.0931,-2.6387,-0.2629,-2.2072,-3.0493,0.5840,0.1400
73.00,-0.4165,-2.1524,-3.1119,0.1677,-2.1051,-2.6387,-0.2871,-2.2095,-3.0493,0.5861,0.1414
73.10,-0.4414,-2.1531,-3.1119,0.1458,-2.1172,-2.6387,-0.3120,-2.2118,-3.0493,0.5884,0.1421
73.20,-0.4664,-2.1539,-3.1119,0.1239,-2.1292,-2.6386,-0.3369,-2.2141,-3.0493,0.5909,0.1429
73.30,-0.4914,-2.1546,-3.1119,0.1020,-2.1413,-2.6386,-0.3866,-2.2187,-3.0493,0.5936,0.1228
73.40,-0.5164,-2.1554,-3.1119,0.0801,-2.1533,-2.6386,-0.4115,-2.2210,-3.0493,0.5965,0.1237
73.50,-0.5414,-2.1561,-3.1119,0.0582,-2.1654,-2.6386,-0.4115,-2.2210,-3.0493,0.5997,0.1452
73.60,-0.5664,-2.1568,-3.1119,0.0363,-2.1774,-2.6386,-0.4364,-2.2233,-3.0493,0.6030,0.1459
73.70,-0.5914,-2.1576,-3.1119,0.0144,-2.1895,-2.6386,-0.4613,-2.2256,-3.0493,0.6066,0.1467
73.80,-0.6163,-2.1583,-3.1119,-0.0075,-2.2015,-2.6386,-0.4862,-2.2279,-3.0493,0.6104,0.1476
73.90,-0.6413,-2.1591,-3.1119,-0.0294,-2.2136,-2.6386,-0.5360,-2.2325,-3.0493,0.6143,0.1284
74.00,-0.6663,-2.1598,-3.1119,-0.0513,-2.2256,-2.6386,-0.5360,-2.2325,-3.0493,0.6185,0.1492
74.10,-0.6913,-2.1605,-3.1119,-0.0732,-2.2377,-2.6386,-0.5609,-2.2348,-3.0493,0.6229,0.1501
74.20,-0.7163,-2.1613,-3.1119,-0.0951,-2.2497,-2.6386,-0.5858,-2.2371,-3.0493,0.6274,0.1509
74.30,-0.7413,-2.1620,-3.1119,-0.1170,-2.2618,-2.6386,-0.6107,-2.2394,-3.0493,0.6322,0.1518
74.40,-0.7663,-2.1628,-3.1119,-0.1389,-2.2738,-2.6386,-0.6356,-2.2417,-3.0493,0.6371,0.1527
74.50,-0.7913,-2.1635,-3.1119,-0.1608,-2.2859,-2.6386,-0.6605,-2.2440,-3.0493,0.6422,0.1536
74.60,-0.8163,-2.1643,-3.1119,-0.1827,-2.2979,-2.6386,-0.6856,-2.2464,-3.0493,0.6475,0.1543
74.70,-0.8412,-2.1650,-3.1119,-0.2047,-2.3100,-2.6386,-0.7103,-2.2486,-3.0492,0.6529,0.1554
74.80,-0.8662,-2.1657,-3.1119,-0.2266,-2.3220,-2.6386,-0.7352,-2.2510,-3.0493,0.6585,0.1563
74.90,-0.8912,-2.1665,-3.1119,-0.2485,-2.3341,-2.6386,-0.7850,-2.2556,-3.0493,0.6643,0.1387
75.00,-0.9162,-2.1672,-3.1119,-0.2704,-2.3461,-2.6386,-0.7850,-2.2556,-3.0493,0.6702,0.1582
75.10,-0.9412,-2.1680,-3.1119,-0.2923,-2.3582,-2.6386,-0.8099,-2.2579,-3.0493,0.6762,0.1592
75.20,-0.9662,-2.1687,-3.1119,-0.3142,-2.3702,-2.6386,-0.8348,-2.2602,-3.0493,0.6824,0.1601
75.30,-0.9912,-2.1694,-3.1119,-0.3361,-2.3823,-2.6386,-0.8596,-2.2625,-3.0493,0.6888,0.1611
75.40,-1.0162,-2.1702,-3.1119,-0.3580,-2.3943,-2.6386,-0.9094,-2.2671,-3.0493,0.6953,0.1441
75.50,-1.0412,-2.1709,-3.1119,-0.3799,-2.4064,-2.6386,-0.9094,-2.2671,-3.0493,0.7019,0.1631
75.60,-1.0661,-2.1717,-3.1119,-0.4018,-2.4185,-2.6386,-0.9343,-2.2694,-3.0493,0.7087,0.1641
75.70,-1.0911,-2.1724,-3.1119,-0.4237,-2.4305,-2.6386,-0.9592,-2.2717,-3.0493,0.7156,0.1651
75.80,-1.1161,-2.1732,-3.1119,-0.4456,-2.4426,-2.6386,-0.9841,-2.2740,-3.0493,0.7226,0.1661
75.90,-1.1411,-2.1739,-3.1119,-0.4675,-2.4546,-2.6386,-1.0339,-2.2786,-3.0493,0.7297,0.1498
76.00,-1.1661,-2.1746,-3.1119,-0.4894,-2.4667,-2.6386,-1.0339,-2.2786,-3.0493,0.7370,0.1682
76.10,-1.1911,-2.1754,-3.1119,-0.5113,-2.4787,-2.6386,-1.0588,-2.2809,-3.0493,0.7444,0.1692
76.20,-1.2161,-2.1761,-3.1119,-0.5332,-2.4908,-2.6386,-1.0837,-2.2832,-3.0493,0.7518,0.1703
76.30,-1.2411,-2.1769,-3.1119,-0.5573,-2.5040,-2.6386,-1.1335,-2.2878,-3.0493,0.7580,0.1545
76.40,-1.2660,-2.1776,-3.1119,-0.5770,-2.5149,-2.6386,-1.1335,-2.2878,-3.0493,0.7671,0.1724
76.50,-1.2910,-2.1784,-3.1119,-0.5989,-2.5269,-2.6385,-1.1584,-2.2901,-3.0493,0.7749,0.1735
76.60,-1.3160,-2.1791,-3.1119,-0.6208,-2.5390,-2.6385,-1.1833,-2.2924,-3.0493,0.7828,0.1745
76.70,-1.3410,-2.1798,-3.1119,-0.6427,-2.5510,-2.6385,-1.2082,-2.2947,-3.0493,0.7908,0.1756
76.80,-1.3660,-2.1806,-3.1119,-0.6646,-2.5631,-2.6385,-1.2580,-2.2993,-3.0493,0.7989,0.1605
76.90,-1.3910,-2.1813,-3.1119,-0.6865,-2.5751,-2.6385,-1.2580,-2.2993,-3.0493,0.8070,0.1778
77.00,-1.4160,-2.1821,-3.1119,-0.7084,-2.5872,-2.6385,-1.2829,-2.3016,-3.0493,0.8153,0.1789
77.10,-1.4409,-2.1828,-3.1119,-0.7304,-2.5992,-2.6385,-1.3078,-2.3039,-3.0493,0.8236,0.1800
77.20,-1.4659,-2.1836,-3.1119,-0.7523,-2.6113,-2.6385,-1.3326,-2.3062,-3.0493,0.8321,0.1812
77.30,-1.4909,-2.1843,-3.1119,-0.7742,-2.6233,-2.6385,-1.3824,-2.3109,-3.0493,0.8405,0.1667
77.40,-1.5159,-2.1850,-3.1119,-0.7961,-2.6354,-2.6385,-1.3824,-2.3109,-3.0493,0.8491,0.1834
77.50,-1.5409,-2.1858,-3.1119,-0.8180,-2.6475,-2.6385,-1.4325,-2.3155,-3.0492,0.8578,0.1691
77.60,-1.5659,-2.1865,-3.1119,-0.8399,-2.6595,-2.6385,-1.4576,-2.3178,-3.0492,0.8665,0.1702
77.70,-1.5909,-2.1873,-3.1119,-0.8618,-2.6716,-2.6385,-1.4576,-2.3178,-3.0492,0.8753,0.1866
77.80,-1.6159,-2.1880,-3.1119,-0.8837,-2.6836,-2.6385,-1.4828,-2.3202,-3.0492,0.8842,0.1876
77.90,-1.6409,-2.1888,-3.1119,-0.9056,-2.6957,-2.6385,-1.5069,-2.3224,-3.0492,0.8931,0.1892
78.00,-1.6658,-2.1895,-3.1119,-0.9253,-2.7065,-2.6385,-1.5318,-2.3247,-3.0492,0.9032,0.1904
78.10,-1.6908,-2.1902,-3.1119,-0.9494,-2.7198,-2.6385,-1.5567,-2.3270,-3.0492,0.9111,0.1916
78.20,-1.7158,-2.1910,-3.1119,-0.9713,-2.7318,-2.6385,-1.5816,-2.3293,-3.0492,0.9202,0.1927
78.30,-1.7408,-2.1917,-3.1119,-0.9932,-2.7439,-2.6385,-1.6065,-2.3316,-3.0492,0.9294,0.1939
78.40,-1.7647,-2.1924,-3.1119,-1.0140,-2.7554,-2.6385,-1.6551,-2.3361,-3.0492,0.9383,0.1807
78.50,-1.7869,-2.1931,-3.1119,-1.0334,-2.7660,-2.6385,-1.6551,-2.3361,-3.0492,0.9466,0.1945
78.60,-1.8072,-2.1937,-3.1118,-1.0510,-2.7757,-2.6385,-1.6772,-2.3382,-3.0492,0.9542,0.1943
78.70,-1.8258,-2.1943,-3.1118,-1.0672,-2.7846,-2.6385,-1.6974,-2.3400,-3.0492,0.9613,0.1943
78.80,-1.8429,-2.1948,-3.1118,-1.0821,-2.7928,-2.6385,-1.7329,-2.3433,-3.0492,0.9677,0.1849
78.90,-1.8586,-2.1952,-3.1118,-1.0958,-2.8004,-2.6385,-1.7329,-2.3433,-3.0492,0.9737,0.1943
79.00,-1.8730,-2.1957,-3.1118,-1.1084,-2.8073,-2.6385,-1.7485,-2.3448,-3.0492,0.9792,0.1943
79.10,-1.8863,-2.1961,-3.1118,-1.1199,-2.8136,-2.6385,-1.7629,-2.3461,-3.0491,0.9843,0.1943
79.20,-1.8985,-2.1964,-3.1118,-1.1305,-2.8195,-2.6385,-1.7760,-2.3473,-3.0492,0.9889,0.1944
79.30,-1.9097,-2.1968,-3.1118,-1.1403,-2.8248,-2.6385,-1.7881,-2.3484,-3.0492,0.9932,0.1944
79.40,-1.9199,-2.1971,-3.1118,-1.1492,-2.8298,-2.6385,-1.7992,-2.3495,-3.0492,0.9972,0.1944
79.50,-1.9246,-2.1974,3.1113,-1.1510,-2.8307,-2.7184,-1.8094,-2.3504,-3.0491,0.9998,0.1915
79.60,-1.9238,-2.1975,3.0116,-1.1510,-2.8307,-2.8184,-1.8119,-2.3506,-3.1076,0.9991,0.1897
79.70,-1.9224,-2.1976,2.8990,-1.1510,-2.8307,-2.9184,-1.8118,-2.3507,3.0786,0.9980,0.1888
79.80,-1.9215,-2.1978,2.7873,-1.1510,-2.8307,-3.0184,-1.8119,-2.3507,2.8562,0.9971,0.1881
79.90,-1.9206,-2.1982,2.6761,-1.1510,-2.8307,-3.1183,-1.8119,-2.3507,2.7432,0.9962,0.1873
80.00,-1.9198,-2.1986,2.5664,-1.1510,-2.8307,3.0649,-1.8119,-2.3507,2.7432,0.9953,0.1865
80.10,-1.9198,-2.1986,2.4664,-1.1510,-2.8307,2.9649,-1.8119,-2.3507,2.6320,0.9953,0.1865
80.20,-1.9198,-2.1986,2.3664,-1.1510,-2.8307,2.8649,-1.8119,-2.3507,2.4320,0.9953,0.1865
80.30,-1.9198,-2.1986,2.2664,-1.1510,-2.8307,2.7649,-1.8119,-2.3507,2.4320,0.9953,0.1865
80.40,-1.9198,-2.1986,2.1664,-1.1510,-2.8307,2.6649,-1.8119,-2.3507,2.3320,0.9953,0.1865
80.50,-1.9198,-2.1986,2.0664,-1.1510,-2.8307,2.5649,-1.8119,-2.3508,2.2320,0.9953,0.1866
80.60,-1.9198,-2.1986,1.9733,-1.1510,-2.8307,2.4726,-1.8119,-2.3508,2.1319,0.9953,0.1866
80.70,-1.9241,-2.1882,1.8884,-1.1652,-2.8184,2.3970,-1.8119,-2.3508,2.0388,0.9866,0.1976
80.80,-1.9307,-2.1656,1.8258,-1.1823,-2.8017,2.3402,-1.8196,-2.3351,1.9524,0.9822,0.2027
80.90,-1.9363,-2.1419,1.7805,-1.1989,-2.7838,2.2960,-1.8278,-2.3126,1.8899,0.9777,0.2023
81.00,-1.9409,-2.1177,1.7438,-1.2148,-2.7651,2.2599,-1.8411,-2.2660,1.8097,0.9728,0.1787
81.10,-1.9448,-2.0933,1.7150,-1.2303,-2.7457,2.2320,-1.8411,-2.2660,1.8097,0.9676,0.2014
81.20,-1.9481,-2.0687,1.6922,-1.2453,-2.7260,2.2097,-1.8466,-2.2418,1.7802,0.9622,0.2007
81.30,-1.9509,-2.0440,1.6740,-1.2600,-2.7058,2.1919,-1.8515,-2.2175,1.7569,0.9568,0.2000
81.40,-1.9533,-2.0192,1.6590,-1.2744,-2.6855,2.1774,-1.8559,-2.1930,1.7391,0.9512,0.1992
81.50,-1.9553,-1.9944,1.6468,-1.2885,-2.6649,2.1661,-1.8599,-2.1683,1.7241,0.9456,0.1984
81.60,-1.9571,-1.9695,1.6371,-1.3024,-2.6441,2.1570,-1.8635,-2.1436,1.7122,0.9401,0.1977
81.70,-1.9586,-1.9446,1.6299,-1.3161,-2.6233,2.1500,-1.8669,-2.1189,1.7025,0.9346,0.1970
81.80,-1.9600,-1.9196,1.6242,-1.3298,-2.6023,2.1445,-1.8702,-2.0934,1.6952,0.9292,0.1956
81.90,-1.9613,-1.8947,1.6195,-1.3433,-2.5813,2.1399,-1.8732,-2.0685,1.6896,0.9238,0.1949
82.00,-1.9625,-1.8697,1.6159,-1.3567,-2.5602,2.1364,-1.8760,-2.0445,1.6852,0.9186,0.1950
82.10,-1.9636,-1.8447,1.6130,-1.3701,-2.5391,2.1336,-1.8788,-2.0196,1.6815,0.9134,0.1943
82.20,-1.9646,-1.8197,1.6107,-1.3834,-2.5179,2.1314,-1.8816,-1.9948,1.6786,0.9084,0.1937
82.30,-1.9656,-1.7948,1.6089,-1.3967,-2.4967,2.1296,-1.8868,-1.9450,1.6745,0.9036,0.1696
82.40,-1.9665,-1.7698,1.6074,-1.4099,-2.4755,2.1282,-1.8868,-1.9450,1.6745,0.8988,0.1925
82.50,-1.9674,-1.7448,1.6062,-1.4231,-2.4543,2.1270,-1.8894,-1.9202,1.6730,0.8942,0.1919
82.60,-1.9683,-1.7198,1.6052,-1.4363,-2.4331,2.1261,-1.8919,-1.8953,1.6719,0.8898,0.1913
82.70,-1.9691,-1.6948,1.6045,-1.4495,-2.4118,2.1254,-1.8944,-1.8704,1.6709,0.8855,0.1908
82.80,-1.9700,-1.6699,1.6039,-1.4626,-2.3906,2.1248,-1.8969,-1.8455,1.6701,0.8814,0.1902
82.90,-1.9708,-1.6449,1.6034,-1.4758,-2.3693,2.1244,-1.9019,-1.7950,1.6691,0.8774,0.1652
83.00,-1.9716,-1.6199,1.6031,-1.4889,-2.3480,2.1240,-1.9019,-1.7950,1.6691,0.8736,0.1885
83.10,-1.9724,-1.5949,1.6028,-1.5021,-2.3267,2.1237,-1.9044,-1.7701,1.6688,0.8700,0.1880
83.20,-1.9732,-1.5699,1.6025,-1.5152,-2.3055,2.1235,-1.9068,-1.7452,1.6685,0.8665,0.1875
83.30,-1.9740,-1.5449,1.6023,-1.5283,-2.2842,2.1233,-1.9116,-1.6962,1.6681,0.8632,0.1637
83.40,-1.9748,-1.5199,1.6022,-1.5414,-2.2629,2.1232,-1.9116,-1.6962,1.6681,0.8601,0.1873
83.50,-1.9755,-1.4949,1.6021,-1.5545,-2.2416,2.1231,-1.9165,-1.6465,1.6678,0.8572,0.1626
83.60,-1.9763,-1.4700,1.6020,-1.5677,-2.2203,2.1230,-1.9165,-1.6465,1.6678,0.8544,0.1864
83.70,-1.9771,-1.4450,1.6019,-1.5808,-2.1991,2.1229,-1.9189,-1.6213,1.6677,0.8519,0.1857
83.80,-1.9779,-1.4200,1.6018,-1.5939,-2.1778,2.1229,-1.9213,-1.5967,1.6676,0.8495,0.1855
83.90,-1.9787,-1.3950,1.6018,-1.6070,-2.1565,2.1228,-1.9237,-1.5718,1.6676,0.8473,0.1851
84.00,-1.9794,-1.3700,1.6017,-1.6201,-2.1352,2.1228,-1.9261,-1.5469,1.6675,0.8453,0.1848
84.10,-1.9802,-1.3450,1.6017,-1.6332,-2.1139,2.1228,-1.9285,-1.5220,1.6675,0.8435,0.1844
84.20,-1.9810,-1.3201,1.6017,-1.6463,-2.0926,2.1227,-1.9334,-1.4723,1.6674,0.8419,0.1595
84.30,-1.9817,-1.2951,1.6017,-1.6594,-2.0713,2.1227,-1.9358,-1.4474,1.6674,0.8405,0.1591
84.40,-1.9825,-1.2701,1.6017,-1.6725,-2.0500,2.1227,-1.9358,-1.4474,1.6674,0.8393,0.1833
84.50,-1.9833,-1.2451,1.6017,-1.6856,-2.0288,2.1227,-1.9382,-1.4223,1.6674,0.8383,0.1828
84.60,-1.9841,-1.2201,1.6016,-1.6988,-2.0075,2.1227,-1.9406,-1.3974,1.6674,0.8374,0.1825
84.70,-1.9848,-1.1951,1.6016,-1.7119,-1.9862,2.1227,-1.9430,-1.3725,1.6674,0.8368,0.1822
84.80,-1.9856,-1.1701,1.6016,-1.7250,-1.9649,2.1227,-1.9455,-1.3473,1.6674,0.8364,0.1817
84.90,-1.9864,-1.1452,1.6016,-1.7381,-1.9436,2.1227,-1.9502,-1.2981,1.6673,0.8362,0.1571
85.00,-1.9871,-1.1202,1.6016,-1.7512,-1.9223,2.1227,-1.9526,-1.2732,1.6673,0.8361,0.1569
85.10,-1.9879,-1.0952,1.6016,-1.7643,-1.9010,2.1227,-1.9526,-1.2732,1.6673,0.8363,0.1815
85.20,-1.9887,-1.0702,1.6016,-1.7774,-1.8797,2.1227,-1.9575,-1.2234,1.6673,0.8366,0.1564
85.30,-1.9894,-1.0452,1.6016,-1.7905,-1.8584,2.1227,-1.9575,-1.2234,1.6673,0.8372,0.1811
85.40,-1.9902,-1.0202,1.6016,-1.8036,-1.8372,2.1227,-1.9599,-1.1985,1.6673,0.8380,0.1809
85.50,-1.9910,-0.9952,1.6016,-1.8167,-1.8159,2.1227,-1.9623,-1.1737,1.6673,0.8389,0.1807
85.60,-1.9918,-0.9703,1.6016,-1.8298,-1.7946,2.1227,-1.9647,-1.1488,1.6673,0.8401,0.1806
85.70,-1.9925,-0.9453,1.6016,-1.8429,-1.7733,2.1227,-1.9695,-1.0990,1.6673,0.8414,0.1555
85.80,-1.9933,-0.9203,1.6016,-1.8561,-1.7520,2.1227,-1.9719,-1.0741,1.6673,0.8430,0.1553
85.90,-1.9941,-0.8953,1.6016,-1.8692,-1.7307,2.1227,-1.9719,-1.0741,1.6673,0.8447,0.1802
86.00,-1.9948,-0.8703,1.6016,-1.8823,-1.7094,2.1227,-1.9743,-1.0492,1.6673,0.8466,0.1801
86.10,-1.9956,-0.8453,1.6016,-1.8954,-1.6881,2.1227,-1.9789,-1.0020,1.6673,0.8488,0.1575
86.20,-1.9964,-0.8203,1.6016,-1.9085,-1.6668,2.1227,-1.9816,-0.9746,1.6673,0.8511,0.1550
86.30,-1.9971,-0.7953,1.6016,-1.9216,-1.6456,2.1227,-1.9816,-0.9746,1.6673,0.8536,0.1799
86.40,-1.9979,-0.7704,1.6016,-1.9347,-1.6243,2.1227,-1.9840,-0.9497,1.6673,0.8562,0.1799
86.50,-1.9987,-0.7454,1.6016,-1.9478,-1.6030,2.1227,-1.9864,-0.9248,1.6673,0.8591,0.1799
86.60,-1.9995,-0.7204,1.6016,-1.9609,-1.5817,2.1227,-1.9888,-0.8999,1.6673,0.8622,0.1799
86.70,-2.0002,-0.6954,1.6016,-1.9740,-1.5604,2.1227,-1.9912,-0.8750,1.6674,0.8654,0.1799
86.80,-2.0010,-0.6704,1.6016,-1.9871,-1.5391,2.1227,-1.9960,-0.8253,1.6674,0.8688,0.1549
86.90,-2.0018,-0.6454,1.6016,-2.0003,-1.5178,2.1227,-1.9960,-0.8253,1.6674,0.8724,0.1800
87.00,-2.0025,-0.6204,1.6016,-2.0134,-1.4965,2.1227,-1.9984,-0.8004,1.6674,0.8762,0.1800
87.10,-2.0033,-0.5954,1.6016,-2.0265,-1.4752,2.1228,-2.0008,-0.7755,1.6674,0.8801,0.1801
87.20,-2.0041,-0.5704,1.6016,-2.0396,-1.4540,2.1228,-2.0033,-0.7499,1.6674,0.8842,0.1794
87.30,-2.0048,-0.5455,1.6016,-2.0527,-1.4327,2.1228,-2.0057,-0.7250,1.6674,0.8885,0.1795
87.40,-2.0056,-0.5205,1.6016,-2.0658,-1.4114,2.1228,-2.0081,-0.7008,1.6674,0.8929,0.1804
87.50,-2.0064,-0.4955,1.6016,-2.0789,-1.3901,2.1228,-2.0105,-0.6760,1.6674,0.8975,0.1805
87.60,-2.0072,-0.4705,1.6016,-2.0920,-1.3688,2.1228,-2.0129,-0.6511,1.6675,0.9023,0.1807
87.70,-2.0079,-0.4455,1.6016,-2.1051,-1.3475,2.1228,-2.0153,-0.6262,1.6675,0.9072,0.1808
87.80,-2.0087,-0.4205,1.6016,-2.1182,-1.3262,2.1228,-2.0177,-0.6013,1.6675,0.9123,0.1810
87.90,-2.0095,-0.3955,1.6016,-2.1313,-1.3049,2.1228,-2.0201,-0.5764,1.6675,0.9175,0.1812
88.00,-2.0102,-0.3706,1.6016,-2.1445,-1.2837,2.1228,-2.0250,-0.5267,1.6675,0.9229,0.1568
88.10,-2.0110,-0.3456,1.6016,-2.1576,-1.2624,2.1228,-2.0250,-0.5267,1.6675,0.9284,0.1816
88.20,-2.0118,-0.3206,1.6016,-2.1707,-1.2411,2.1228,-2.0274,-0.5018,1.6675,0.9341,0.1819
88.30,-2.0125,-0.2956,1.6016,-2.1838,-1.2198,2.1228,-2.0298,-0.4769,1.6675,0.9399,0.1821
88.40,-2.0133,-0.2706,1.6016,-2.1969,-1.1985,2.1228,-2.0322,-0.4520,1.6674,0.9459,0.1824
88.50,-2.0141,-0.2456,1.6016,-2.2100,-1.1772,2.1228,-2.0346,-0.4269,1.6674,0.9520,0.1824
88.60,-2.0149,-0.2207,1.6016,-2.2231,-1.1559,2.1228,-2.0370,-0.4020,1.6674,0.9582,0.1827
88.70,-2.0156,-0.1957,1.6016,-2.2362,-1.1346,2.1228,-2.0418,-0.3525,1.6674,0.9645,0.1590
88.80,-2.0164,-0.1707,1.6016,-2.2493,-1.1134,2.1228,-2.0442,-0.3276,1.6674,0.9710,0.1594
88.90,-2.0172,-0.1457,1.6016,-2.2624,-1.0921,2.1228,-2.0442,-0.3276,1.6674,0.9776,0.1839
89.00,-2.0179,-0.1207,1.6016,-2.2756,-1.0708,2.1228,-2.0491,-0.2778,1.6674,0.9844,0.1602
89.10,-2.0187,-0.0957,1.6016,-2.2887,-1.0495,2.1228,-2.0491,-0.2778,1.6674,0.9912,0.1846
89.20,-2.0195,-0.0707,1.6016,-2.3018,-1.0282,2.1228,-2.0515,-0.2529,1.6674,0.9982,0.1850
89.30,-2.0203,-0.0457,1.6016,-2.3149,-1.0069,2.1228,-2.0539,-0.2280,1.6674,1.0053,0.1854
89.40,-2.0210,-0.0208,1.6016,-2.3280,-0.9856,2.1228,-2.0563,-0.2032,1.6674,1.0125,0.1858
89.50,-2.0218,0.0042,1.6016,-2.3411,-0.9643,2.1228,-2.0587,-0.1783,1.6674,1.0198,0.1862
89.60,-2.0226,0.0292,1.6016,-2.3542,-0.9430,2.1228,-2.0635,-0.1285,1.6673,1.0273,0.1630
89.70,-2.0233,0.0542,1.6016,-2.3673,-0.9218,2.1228,-2.0635,-0.1285,1.6673,1.0348,0.1871
89.80,-2.0241,0.0792,1.6016,-2.3804,-0.9005,2.1228,-2.0659,-0.1036,1.6673,1.0425,0.1876
89.90,-2.0249,0.1042,1.6016,-2.3935,-0.8792,2.1228,-2.0684,-0.0787,1.6673,1.0502,0.1880
90.00,-2.0256,0.1292,1.6016,-2.4067,-0.8579,2.1228,-2.0708,-0.0539,1.6673,1.0581,0.1885
90.10,-2.0264,0.1542,1.6016,-2.4198,-0.8366,2.1228,-2.0756,-0.0041,1.6673,1.0660,0.1657
90.20,-2.0272,0.1792,1.6016,-2.4329,-0.8153,2.1228,-2.0756,-0.0041,1.6673,1.0740,0.1895
90.30,-2.0280,0.2041,1.6016,-2.4460,-0.7940,2.1228,-2.0804,0.0457,1.6673,1.0822,0.1669
90.40,-2.0287,0.2280,1.6016,-2.4585,-0.7738,2.1228,-2.0804,0.0457,1.6673,1.0901,0.1895
90.50,-2.0294,0.2501,1.6016,-2.4700,-0.7551,2.1228,-2.0827,0.0694,1.6673,1.0975,0.1884
90.60,-2.0300,0.2704,1.6017,-2.4805,-0.7380,2.1228,-2.0868,0.1121,1.6673,1.1044,0.1682
90.70,-2.0306,0.2890,1.6017,-2.4902,-0.7222,2.1229,-2.0868,0.1121,1.6673,1.1108,0.1857
90.80,-2.0311,0.3061,1.6017,-2.4991,-0.7078,2.1228,-2.0886,0.1305,1.6673,1.1167,0.1848
90.90,-2.0316,0.3218,1.6017,-2.5073,-0.6945,2.1228,-2.0917,0.1626,1.6673,1.1221,0.1702
91.00,-2.0320,0.3363,1.6017,-2.5149,-0.6821,2.1228,-2.0917,0.1626,1.6673,1.1272,0.1837
91.10,-2.0324,0.3496,1.6017,-2.5218,-0.6709,2.1228,-2.0931,0.1770,1.6673,1.1318,0.1829
91.20,-2.0328,0.3618,1.6017,-2.5282,-0.6606,2.1228,-2.0944,0.1902,1.6673,1.1360,0.1823
91.30,-2.0332,0.3730,1.6017,-2.5341,-0.6511,2.1228,-2.0956,0.2023,1.6673,1.1400,0.1818
91.40,-2.0335,0.3834,1.6017,-2.5395,-0.6423,2.1228,-2.0967,0.2136,1.6673,1.1437,0.1812
91.50,-2.0337,0.3876,1.5138,-2.5400,-0.6414,2.0329,-2.0978,0.2253,1.5728,1.1468,0.1745
91.60,-2.0338,0.3868,1.4138,-2.5400,-0.6414,1.9329,-2.0978,0.2253,1.5728,1.1461,0.1738
91.70,-2.0341,0.3856,1.3029,-2.5400,-0.6414,1.8329,-2.0978,0.2253,1.4728,1.1448,0.1725
91.80,-2.0344,0.3844,1.1884,-2.5400,-0.6414,1.7329,-2.0978,0.2253,1.3622,1.1437,0.1713
91.90,-2.0345,0.3839,1.0822,-2.5400,-0.6414,1.6330,-2.0978,0.2253,1.2488,1.1432,0.1708
92.00,-2.0345,0.3839,0.9822,-2.5400,-0.6414,1.5329,-2.0978,0.2253,1.1434,1.1432,0.1708
92.10,-2.0345,0.3840,0.8822,-2.5400,-0.6414,1.4329,-2.0978,0.2253,1.0434,1.1432,0.1708
92.20,-2.0345,0.3840,0.7821,-2.5400,-0.6414,1.3329,-2.0979,0.2253,0.9434,1.1432,0.1709
92.30,-2.0345,0.3840,0.6821,-2.5400,-0.6414,1.2329,-2.0979,0.2253,0.8434,1.1432,0.1709
92.40,-2.0345,0.3840,0.5821,-2.5400,-0.6414,1.1329,-2.0979,0.2253,0.7434,1.1432,0.1709
92.50,-2.0345,0.3840,0.4621,-2.5400,-0.6414,1.0229,-2.0979,0.2253,0.5434,1.1432,0.1709
92.60,-2.0345,0.3840,0.3959,-2.5400,-0.6414,0.9483,-2.0979,0.2253,0.5434,1.1432,0.1709
92.70,-2.0240,0.3883,0.3185,-2.5283,-0.6266,0.8781,-2.0979,0.2253,0.4572,1.1333,0.1789
92.80,-2.0017,0.3948,0.2548,-2.5124,-0.6085,0.8241,-2.0825,0.2328,0.3805,1.1258,0.1811
92.90,-1.9781,0.4004,0.2103,-2.4954,-0.5909,0.7827,-2.0365,0.2482,0.2752,1.1181,0.1630
93.00,-1.9539,0.4051,0.1769,-2.4777,-0.5738,0.7500,-2.0365,0.2482,0.2752,1.1102,0.1773
93.10,-1.9294,0.4091,0.1502,-2.4593,-0.5571,0.7239,-2.0127,0.2545,0.2420,1.1020,0.1756
93.20,-1.9049,0.4125,0.1275,-2.4405,-0.5409,0.7025,-1.9885,0.2602,0.2149,1.0935,0.1738
93.30,-1.8803,0.4155,0.1094,-2.4213,-0.5249,0.6859,-1.9642,0.2652,0.1916,1.0849,0.1721
93.40,-1.8555,0.4180,0.0960,-2.4019,-0.5092,0.6729,-1.9389,0.2698,0.1729,1.0763,0.1701
93.50,-1.8306,0.4203,0.0848,-2.3823,-0.4938,0.6620,-1.8904,0.2777,0.1492,1.0677,0.1546
93.60,-1.8058,0.4222,0.0755,-2.3626,-0.4785,0.6534,-1.8904,0.2777,0.1492,1.0590,0.1675
93.70,-1.7809,0.4240,0.0687,-2.3427,-0.4634,0.6469,-1.8649,0.2814,0.1395,1.0503,0.1656
93.80,-1.7560,0.4257,0.0632,-2.3227,-0.4484,0.6418,-1.8401,0.2847,0.1329,1.0417,0.1642
93.90,-1.7310,0.4272,0.0590,-2.3026,-0.4335,0.6377,-1.8154,0.2880,0.1274,1.0332,0.1628
94.00,-1.7061,0.4286,0.0555,-2.2825,-0.4186,0.6343,-1.7913,0.2910,0.1234,1.0248,0.1619
94.10,-1.6811,0.4300,0.0528,-2.2624,-0.4038,0.6317,-1.7665,0.2940,0.1199,1.0164,0.1605
94.20,-1.6561,0.4313,0.0506,-2.2422,-0.3891,0.6296,-1.7416,0.2970,0.1173,1.0082,0.1592
94.30,-1.6312,0.4325,0.0489,-2.2199,-0.3729,0.6277,-1.6920,0.3027,0.1133,0.9977,0.1433
94.40,-1.6062,0.4337,0.0475,-2.2017,-0.3597,0.6266,-1.6920,0.3027,0.1133,0.9921,0.1566
94.50,-1.5812,0.4349,0.0464,-2.1815,-0.3451,0.6255,-1.6671,0.3055,0.1119,0.9842,0.1553
94.60,-1.5563,0.4361,0.0455,-2.1612,-0.3304,0.6246,-1.6423,0.3083,0.1108,0.9764,0.1540
94.70,-1.5313,0.4372,0.0447,-2.1409,-0.3158,0.6239,-1.6174,0.3111,0.1099,0.9688,0.1527
94.80,-1.5063,0.4383,0.0442,-2.1206,-0.3012,0.6234,-1.5926,0.3138,0.1092,0.9614,0.1515
94.90,-1.4813,0.4394,0.0436,-2.1003,-0.2866,0.6229,-1.5677,0.3165,0.1086,0.9541,0.1502
95.00,-1.4564,0.4405,0.0433,-2.0800,-0.2721,0.6226,-1.5180,0.3219,0.1077,0.9469,0.1336
95.10,-1.4314,0.4415,0.0430,-2.0597,-0.2575,0.6223,-1.5180,0.3219,0.1077,0.9399,0.1477
95.20,-1.4064,0.4426,0.0428,-2.0394,-0.2429,0.6221,-1.4931,0.3246,0.1075,0.9330,0.1465
95.30,-1.3814,0.4437,0.0426,-2.0190,-0.2283,0.6219,-1.4683,0.3273,0.1072,0.9264,0.1452
95.40,-1.3565,0.4448,0.0424,-1.9987,-0.2138,0.6218,-1.4429,0.3300,0.1070,0.9199,0.1437
95.50,-1.3315,0.4458,0.0423,-1.9784,-0.1992,0.6217,-1.4186,0.3326,0.1068,0.9135,0.1428
95.60,-1.3065,0.4469,0.0422,-1.9560,-0.1832,0.6216,-1.3688,0.3379,0.1066,0.9049,0.1255
95.70,-1.2815,0.4479,0.0422,-1.9377,-0.1701,0.6216,-1.3440,0.3406,0.1066,0.9014,0.1242
95.80,-1.2565,0.4490,0.0421,-1.9174,-0.1555,0.6215,-1.3440,0.3406,0.1066,0.8957,0.1393
95.90,-1.2316,0.4500,0.0421,-1.8971,-0.1410,0.6215,-1.2943,0.3459,0.1065,0.8901,0.1215
96.00,-1.2066,0.4511,0.0420,-1.8768,-0.1264,0.6214,-1.2943,0.3459,0.1065,0.8847,0.1369
96.10,-1.1816,0.4521,0.0420,-1.8564,-0.1119,0.6214,-1.2694,0.3486,0.1065,0.8795,0.1358
96.20,-1.1566,0.4532,0.0419,-1.8361,-0.0973,0.6214,-1.2197,0.3539,0.1064,0.8745,0.1176
96.30,-1.1316,0.4542,0.0419,-1.8158,-0.0828,0.6214,-1.2197,0.3539,0.1064,0.8697,0.1335
96.40,-1.1067,0.4553,0.0419,-1.7955,-0.0682,0.6214,-1.1948,0.3565,0.1064,0.8651,0.1324
96.50,-1.0817,0.4563,0.0419,-1.7731,-0.0522,0.6213,-1.1451,0.3618,0.1063,0.8583,0.1138
96.60,-1.0567,0.4574,0.0419,-1.7548,-0.0391,0.6213,-1.1451,0.3618,0.1063,0.8566,0.1301
96.70,-1.0317,0.4584,0.0419,-1.7345,-0.0245,0.6213,-1.1202,0.3645,0.1063,0.8527,0.1291
96.80,-1.0068,0.4595,0.0419,-1.7141,-0.0100,0.6213,-1.0954,0.3671,0.1063,0.8490,0.1280
96.90,-0.9818,0.4605,0.0419,-1.6938,0.0046,0.6213,-1.0705,0.3698,0.1062,0.8455,0.1269
97.00,-0.9568,0.4615,0.0419,-1.6735,0.0191,0.6213,-1.0457,0.3724,0.1062,0.8422,0.1258
97.10,-0.9318,0.4626,0.0419,-1.6532,0.0337,0.6213,-1.0208,0.3751,0.1062,0.8392,0.1248
97.20,-0.9068,0.4636,0.0419,-1.6328,0.0482,0.6213,-0.9954,0.3778,0.1062,0.8364,0.1234
97.30,-0.8769,0.4649,0.0419,-1.6105,0.0642,0.6213,-0.9455,0.3831,0.1062,0.8359,0.1067
97.40,-0.8569,0.4657,0.0419,-1.5922,0.0773,0.6213,-0.9214,0.3857,0.1062,0.8316,0.1028
97.50,-0.8319,0.4668,0.0419,-1.5718,0.0919,0.6213,-0.9214,0.3857,0.1062,0.8295,0.1207
97.60,-0.8069,0.4678,0.0419,-1.5515,0.1064,0.6214,-0.8965,0.3883,0.1062,0.8277,0.1198
97.70,-0.7819,0.4689,0.0419,-1.5312,0.1210,0.6214,-0.8716,0.3910,0.1062,0.8261,0.1188
97.80,-0.7570,0.4699,0.0419,-1.5109,0.1356,0.6214,-0.8468,0.3936,0.1061,0.8247,0.1178
97.90,-0.7320,0.4710,0.0419,-1.4905,0.1501,0.6214,-0.8209,0.3964,0.1061,0.8236,0.1161
98.00,-0.7070,0.4720,0.0419,-1.4702,0.1647,0.6214,-0.7970,0.3989,0.1061,0.8228,0.1160
98.10,-0.6820,0.4731,0.0419,-1.4499,0.1792,0.6214,-0.7722,0.4016,0.1061,0.8221,0.1151
98.20,-0.6571,0.4741,0.0419,-1.4295,0.1938,0.6214,-0.7473,0.4042,0.1061,0.8218,0.1142
98.30,-0.6321,0.4752,0.0419,-1.4092,0.2083,0.6214,-0.7225,0.4069,0.1061,0.8217,0.1133
98.40,-0.6071,0.4762,0.0419,-1.3889,0.2229,0.6214,-0.6727,0.4122,0.1062,0.8218,0.0917
98.50,-0.5821,0.4772,0.0419,-1.3686,0.2374,0.6214,-0.6727,0.4122,0.1062,0.8222,0.1116
98.60,-0.5571,0.4783,0.0419,-1.3482,0.2520,0.6214,-0.6230,0.4175,0.1062,0.8228,0.0897
98.70,-0.5322,0.4793,0.0419,-1.3279,0.2665,0.6214,-0.6230,0.4175,0.1062,0.8237,0.1099
98.80,-0.5072,0.4804,0.0419,-1.3076,0.2811,0.6214,-0.5982,0.4201,0.1062,0.8248,0.1091
98.90,-0.4822,0.4814,0.0419,-1.2872,0.2957,0.6214,-0.5484,0.4254,0.1062,0.8262,0.0867
99.00,-0.4572,0.4825,0.0419,-1.2669,0.3102,0.6214,-0.5484,0.4254,0.1062,0.8278,0.1076
99.10,-0.4323,0.4835,0.0419,-1.2466,0.3248,0.6214,-0.5236,0.4281,0.1062,0.8297,0.1068
99.20,-0.4073,0.4846,0.0419,-1.2263,0.3393,0.6214,-0.4987,0.4307,0.1062,0.8318,0.1061
99.30,-0.3823,0.4856,0.0419,-1.2039,0.3553,0.6214,-0.4490,0.4360,0.1061,0.8319,0.0831
99.40,-0.3573,0.4867,0.0419,-1.1856,0.3684,0.6214,-0.4490,0.4360,0.1061,0.8367,0.1047
99.50,-0.3323,0.4877,0.0419,-1.1653,0.3830,0.6214,-0.3993,0.4413,0.1061,0.8395,0.0814
99.60,-0.3085,0.4887,0.0419,-1.1460,0.3968,0.6214,-0.3756,0.4438,0.1062,0.8425,0.0807
99.70,-0.2862,0.4896,0.0419,-1.1280,0.4097,0.6214,-0.3756,0.4438,0.1062,0.8456,0.1004
99.80,-0.2658,0.4905,0.0419,-1.1115,0.4215,0.6215,-0.3535,0.4462,0.1062,0.8485,0.0982
99.90,-0.2472,0.4913,0.0419,-1.0964,0.4323,0.6215,-0.3332,0.4484,0.1063,0.8513,0.0961
100.00,-0.2302,0.4920,0.0419,-1.0826,0.4422,0.6215,-0.2978,0.4521,0.1063,0.8539,0.0785
100.10,-0.2143,0.4927,0.0419,-1.0698,0.4513,0.6215,-0.2978,0.4521,0.1063,0.8565,0.0928
100.20,-0.1998,0.4933,0.0419,-1.0581,0.4597,0.6215,-0.2676,0.4553,0.1063,0.8590,0.0777
100.30,-0.1865,0.4938,0.0419,-1.0473,0.4675,0.6215,-0.2676,0.4553,0.1063,0.8613,0.0898
100.40,-0.1743,0.4943,0.0420,-1.0375,0.4745,0.6215,-0.2544,0.4568,0.1063,0.8634,0.0884
100.50,-0.1632,0.4948,0.0420,-1.0285,0.4809,0.6215,-0.2423,0.4580,0.1063,0.8654,0.0872
100.60,-0.1530,0.4952,0.0420,-1.0203,0.4868,0.6215,-0.2313,0.4592,0.1063,0.8673,0.0862
100.70,-0.1498,0.4955,-0.0324,-1.0194,0.4874,0.5315,-0.2212,0.4603,0.1063,0.8697,0.0796
100.80,-0.1506,0.4956,-0.1324,-1.0194,0.4874,0.4315,-0.2198,0.4605,0.0294,0.8689,0.0776
100.90,-0.1517,0.4958,-0.2457,-1.0194,0.4874,0.3316,-0.2198,0.4605,-0.1833,0.8678,0.0767
101.00,-0.1535,0.4963,-0.3614,-1.0194,0.4874,0.2316,-0.2198,0.4605,-0.1833,0.8660,0.0754
101.10,-0.1544,0.4967,-0.4724,-1.0194,0.4874,0.1317,-0.2198,0.4605,-0.3004,0.8651,0.0748
101.20,-0.1551,0.4971,-0.5812,-1.0194,0.4874,0.0318,-0.2198,0.4605,-0.4091,0.8644,0.0743
101.30,-0.1555,0.4974,-0.6871,-1.0194,0.4874,-0.0682,-0.2198,0.4605,-0.5180,0.8640,0.0741
101.40,-0.1555,0.4974,-0.7871,-1.0194,0.4874,-0.1682,-0.2198,0.4605,-0.6246,0.8640,0.0741
101.50,-0.1555,0.4974,-0.8871,-1.0194,0.4874,-0.2682,-0.2198,0.4605,-0.7246,0.8640,0.0741
101.60,-0.1555,0.4974,-0.9789,-1.0194,0.4874,-0.3591,-0.2197,0.4606,-0.8246,0.8640,0.0740
101.70,-0.1481,0.4858,-1.0629,-1.0000,0.4792,-0.4325,-0.2197,0.4606,-0.9186,0.8520,0.0760
101.80,-0.1376,0.4653,-1.1320,-0.9786,0.4685,-0.4906,-0.2078,0.4444,-1.0078,0.8410,0.0732
101.90,-0.1281,0.4434,-1.1839,-0.9574,0.4566,-0.5369,-0.1957,0.4237,-1.0755,0.8294,0.0704
102.00,-0.1193,0.4205,-1.2223,-0.9366,0.4436,-0.5745,-0.1850,0.4027,-1.1249,0.8176,0.0681
102.10,-0.1113,0.3973,-1.2555,-0.9161,0.4298,-0.6067,-0.1654,0.3575,-1.1960,0.8054,0.0671
102.20,-0.1040,0.3738,-1.2844,-0.8959,0.4154,-0.6332,-0.1654,0.3575,-1.1960,0.7930,0.0635
102.30,-0.0973,0.3499,-1.3074,-0.8760,0.4005,-0.6558,-0.1485,0.3109,-1.2468,0.7804,0.0644
102.40,-0.0910,0.3258,-1.3265,-0.8565,0.3851,-0.6747,-0.1485,0.3109,-1.2468,0.7677,0.0594
102.50,-0.0852,0.3016,-1.3432,-0.8371,0.3694,-0.6908,-0.1408,0.2872,-1.2656,0.7550,0.0574
102.60,-0.0799,0.2778,-1.3585,-0.8184,0.3537,-0.7048,-0.1335,0.2634,-1.2820,0.7424,0.0555
102.70,-0.0753,0.2555,-1.3707,-0.8013,0.3390,-0.7167,-0.1267,0.2399,-1.2972,0.7308,0.0538
102.80,-0.0712,0.2349,-1.3813,-0.7856,0.3252,-0.7271,-0.1154,0.1975,-1.3196,0.7201,0.0579
102.90,-0.0676,0.2158,-1.3906,-0.7713,0.3123,-0.7363,-0.1106,0.1785,-1.3291,0.7102,0.0570
103.00,-0.0645,0.1983,-1.3989,-0.7582,0.3003,-0.7443,-0.1106,0.1785,-1.3291,0.7011,0.0502
103.10,-0.0618,0.1823,-1.4059,-0.7464,0.2894,-0.7511,-0.1066,0.1615,-1.3370,0.6929,0.0493
103.20,-0.0594,0.1676,-1.4120,-0.7355,0.2792,-0.7570,-0.0996,0.1312,-1.3502,0.6853,0.0542
103.30,-0.0573,0.1540,-1.4173,-0.7247,0.2689,-0.7627,-0.0966,0.1178,-1.3554,0.6772,0.0535
103.40,-0.0554,0.1416,-1.4219,-0.7166,0.2612,-0.7666,-0.0966,0.1178,-1.3554,0.6720,0.0476
103.50,-0.0537,0.1301,-1.4259,-0.7083,0.2531,-0.7706,-0.0940,0.1055,-1.3599,0.6661,0.0472
103.60,-0.0521,0.1195,-1.4294,-0.7008,0.2458,-0.7740,-0.0894,0.0837,-1.3673,0.6608,0.0517
